Sample,Amino Acid Change,Position,AF,Change,Protein,NucleotideChange,LetterChange,Syn,Depth,Passage
231030_GSU_CL_001_VOCB_input_RNA_P3_1_merge_ds1mil.fastq.gz,ORF1ab_polyprotein S588S,1975,14.98,S588S,ORF1ab_polyprotein,T1764G,T to G,synonymous SNV,2250,inoculum_P3_mngs
231030_GSU_CL_001_VOCB_input_RNA_P3_1_merge_ds1mil.fastq.gz,ORF1ab_polyprotein T1322P,4175,1.1,T1322P,ORF1ab_polyprotein,A3964C,A to C,nonsynonymous SNV,1994,inoculum_P3_mngs
231030_GSU_CL_001_VOCB_input_RNA_P3_1_merge_ds1mil.fastq.gz,ORF1ab_polyprotein T2936T,9019,2.49,T2936T,ORF1ab_polyprotein,C8808T,C to T,synonymous SNV,2128,inoculum_P3_mngs
231030_GSU_CL_001_VOCB_input_RNA_P3_1_merge_ds1mil.fastq.gz,ORF1ab_polyprotein A3079A,9448,1.24,A3079A,ORF1ab_polyprotein,C9237T,C to T,synonymous SNV,2981,inoculum_P3_mngs
231030_GSU_CL_001_VOCB_input_RNA_P3_1_merge_ds1mil.fastq.gz,ORF1ab_polyprotein H3580Y,10949,1.2,H3580Y,ORF1ab_polyprotein,C10738T,C to T,nonsynonymous SNV,2257,inoculum_P3_mngs
231030_GSU_CL_001_VOCB_input_RNA_P3_1_merge_ds1mil.fastq.gz,ORF6_protein R20G,27187,3.95,R20G,ORF6_protein,A58G,A to G,nonsynonymous SNV,2836,inoculum_P3_mngs
231030_GSU_CL_001_VOCB_input_RNA_P3_1_merge_ds1mil.fastq.gz,ORF1a_polyprotein S588S,1975,14.98,S588S,ORF1a_polyprotein,T1764G,T to G,synonymous SNV,2250,inoculum_P3_mngs
231030_GSU_CL_001_VOCB_input_RNA_P3_1_merge_ds1mil.fastq.gz,ORF1a_polyprotein T1322P,4175,1.1,T1322P,ORF1a_polyprotein,A3964C,A to C,nonsynonymous SNV,1994,inoculum_P3_mngs
231030_GSU_CL_001_VOCB_input_RNA_P3_1_merge_ds1mil.fastq.gz,ORF1a_polyprotein T2936T,9019,2.49,T2936T,ORF1a_polyprotein,C8808T,C to T,synonymous SNV,2128,inoculum_P3_mngs
231030_GSU_CL_001_VOCB_input_RNA_P3_1_merge_ds1mil.fastq.gz,ORF1a_polyprotein A3079A,9448,1.24,A3079A,ORF1a_polyprotein,C9237T,C to T,synonymous SNV,2981,inoculum_P3_mngs
231030_GSU_CL_001_VOCB_input_RNA_P3_1_merge_ds1mil.fastq.gz,ORF1a_polyprotein H3580Y,10949,1.2,H3580Y,ORF1a_polyprotein,C10738T,C to T,nonsynonymous SNV,2257,inoculum_P3_mngs
231030_GSU_CL_002_VOCB_input_RNA_P4_1_merge_ds1mil.fastq.gz,ORF1ab_polyprotein S588S,1975,16.12,S588S,ORF1ab_polyprotein,T1764G,T to G,synonymous SNV,3814,inoculum_P4_mngs
231030_GSU_CL_002_VOCB_input_RNA_P4_1_merge_ds1mil.fastq.gz,ORF1ab_polyprotein T2936T,9019,2.77,T2936T,ORF1ab_polyprotein,C8808T,C to T,synonymous SNV,3642,inoculum_P4_mngs
231030_GSU_CL_002_VOCB_input_RNA_P4_1_merge_ds1mil.fastq.gz,ORF1ab_polyprotein A3079A,9448,1.25,A3079A,ORF1ab_polyprotein,C9237T,C to T,synonymous SNV,4487,inoculum_P4_mngs
231030_GSU_CL_002_VOCB_input_RNA_P4_1_merge_ds1mil.fastq.gz,ORF6_protein R20G,27187,6.07,R20G,ORF6_protein,A58G,A to G,nonsynonymous SNV,4678,inoculum_P4_mngs
231030_GSU_CL_002_VOCB_input_RNA_P4_1_merge_ds1mil.fastq.gz,ORF1a_polyprotein S588S,1975,16.12,S588S,ORF1a_polyprotein,T1764G,T to G,synonymous SNV,3814,inoculum_P4_mngs
231030_GSU_CL_002_VOCB_input_RNA_P4_1_merge_ds1mil.fastq.gz,ORF1a_polyprotein T2936T,9019,2.77,T2936T,ORF1a_polyprotein,C8808T,C to T,synonymous SNV,3642,inoculum_P4_mngs
231030_GSU_CL_002_VOCB_input_RNA_P4_1_merge_ds1mil.fastq.gz,ORF1a_polyprotein A3079A,9448,1.25,A3079A,ORF1a_polyprotein,C9237T,C to T,synonymous SNV,4487,inoculum_P4_mngs
231030_GSU_CL_002_VOCB_input_RNA_P4_1_merge_ds1mil.fastq.gz,ORF6_protein E55*,27292,1.7,E55*,ORF6_protein,G163T,G to T,stopgain,4817,inoculum_P4_mngs
240216_GSU_CL_001_RNA_input_D21_P3_prep2_S1_L001.fastq.gz,ORF1ab_polyprotein V488V,1675,4.88,V488V,ORF1ab_polyprotein,G1464T,G to T,synonymous SNV,82,inoculum_P3_amplicon
240216_GSU_CL_001_RNA_input_D21_P3_prep2_S1_L001.fastq.gz,ORF1ab_polyprotein C506C,1729,5.26,C506C,ORF1ab_polyprotein,T1518C,T to C,synonymous SNV,76,inoculum_P3_amplicon
240216_GSU_CL_001_RNA_input_D21_P3_prep2_S1_L001.fastq.gz,ORF1ab_polyprotein S588S,1975,16.98,S588S,ORF1ab_polyprotein,T1764G,T to G,synonymous SNV,5948,inoculum_P3_amplicon
240216_GSU_CL_001_RNA_input_D21_P3_prep2_S1_L001.fastq.gz,ORF1ab_polyprotein G706G,2329,2.67,G706G,ORF1ab_polyprotein,T2118C,T to C,synonymous SNV,300,inoculum_P3_amplicon
240216_GSU_CL_001_RNA_input_D21_P3_prep2_S1_L001.fastq.gz,ORF1ab_polyprotein V710F,2339,1.32,V710F,ORF1ab_polyprotein,G2128T,G to T,nonsynonymous SNV,302,inoculum_P3_amplicon
240216_GSU_CL_001_RNA_input_D21_P3_prep2_S1_L001.fastq.gz,ORF1ab_polyprotein L733Q,2409,1.43,L733Q,ORF1ab_polyprotein,T2198A,T to A,nonsynonymous SNV,280,inoculum_P3_amplicon
240216_GSU_CL_001_RNA_input_D21_P3_prep2_S1_L001.fastq.gz,ORF1ab_polyprotein L752L,2465,1.59,L752L,ORF1ab_polyprotein,T2254C,T to C,synonymous SNV,502,inoculum_P3_amplicon
240216_GSU_CL_001_RNA_input_D21_P3_prep2_S1_L001.fastq.gz,ORF1ab_polyprotein A1049D,3357,6.25,A1049D,ORF1ab_polyprotein,C3146A,C to A,nonsynonymous SNV,64,inoculum_P3_amplicon
240216_GSU_CL_001_RNA_input_D21_P3_prep2_S1_L001.fastq.gz,ORF1ab_polyprotein L1065I,3404,1.41,L1065I,ORF1ab_polyprotein,C3193A,C to A,nonsynonymous SNV,284,inoculum_P3_amplicon
240216_GSU_CL_001_RNA_input_D21_P3_prep2_S1_L001.fastq.gz,ORF1ab_polyprotein A1397A,4402,1.3,A1397A,ORF1ab_polyprotein,C4191T,C to T,synonymous SNV,926,inoculum_P3_amplicon
240216_GSU_CL_001_RNA_input_D21_P3_prep2_S1_L001.fastq.gz,ORF1ab_polyprotein D1481G,4653,1.05,D1481G,ORF1ab_polyprotein,A4442G,A to G,nonsynonymous SNV,380,inoculum_P3_amplicon
240216_GSU_CL_001_RNA_input_D21_P3_prep2_S1_L001.fastq.gz,ORF1ab_polyprotein K1529R,4797,1.82,K1529R,ORF1ab_polyprotein,A4586G,A to G,nonsynonymous SNV,220,inoculum_P3_amplicon
240216_GSU_CL_001_RNA_input_D21_P3_prep2_S1_L001.fastq.gz,ORF1ab_polyprotein Y1619C,5067,1.52,Y1619C,ORF1ab_polyprotein,A4856G,A to G,nonsynonymous SNV,264,inoculum_P3_amplicon
240216_GSU_CL_001_RNA_input_D21_P3_prep2_S1_L001.fastq.gz,ORF1ab_polyprotein P1803P,5620,1.01,P1803P,ORF1ab_polyprotein,T5409C,T to C,synonymous SNV,398,inoculum_P3_amplicon
240216_GSU_CL_001_RNA_input_D21_P3_prep2_S1_L001.fastq.gz,ORF1ab_polyprotein E1826G,5688,1.29,E1826G,ORF1ab_polyprotein,A5477G,A to G,nonsynonymous SNV,310,inoculum_P3_amplicon
240216_GSU_CL_001_RNA_input_D21_P3_prep2_S1_L001.fastq.gz,ORF1ab_polyprotein D1849D,5758,1.29,D1849D,ORF1ab_polyprotein,C5547T,C to T,synonymous SNV,310,inoculum_P3_amplicon
240216_GSU_CL_001_RNA_input_D21_P3_prep2_S1_L001.fastq.gz,ORF1ab_polyprotein Y1868H,5813,1.75,Y1868H,ORF1ab_polyprotein,T5602C,T to C,nonsynonymous SNV,228,inoculum_P3_amplicon
240216_GSU_CL_001_RNA_input_D21_P3_prep2_S1_L001.fastq.gz,ORF1ab_polyprotein T1874A,5831,1.75,T1874A,ORF1ab_polyprotein,A5620G,A to G,nonsynonymous SNV,228,inoculum_P3_amplicon
240216_GSU_CL_001_RNA_input_D21_P3_prep2_S1_L001.fastq.gz,ORF1ab_polyprotein T1875T,5836,1.77,T1875T,ORF1ab_polyprotein,A5625G,A to G,synonymous SNV,226,inoculum_P3_amplicon
240216_GSU_CL_001_RNA_input_D21_P3_prep2_S1_L001.fastq.gz,ORF1ab_polyprotein G2073G,6430,1.96,G2073G,ORF1ab_polyprotein,A6219G,A to G,synonymous SNV,204,inoculum_P3_amplicon
240216_GSU_CL_001_RNA_input_D21_P3_prep2_S1_L001.fastq.gz,ORF1ab_polyprotein S2303F,7119,11.76,S2303F,ORF1ab_polyprotein,C6908T,C to T,nonsynonymous SNV,34,inoculum_P3_amplicon
240216_GSU_CL_001_RNA_input_D21_P3_prep2_S1_L001.fastq.gz,ORF1ab_polyprotein R2336M,7218,1.48,R2336M,ORF1ab_polyprotein,G7007T,G to T,nonsynonymous SNV,270,inoculum_P3_amplicon
240216_GSU_CL_001_RNA_input_D21_P3_prep2_S1_L001.fastq.gz,ORF1ab_polyprotein L2473L,7628,1.28,L2473L,ORF1ab_polyprotein,T7417C,T to C,synonymous SNV,312,inoculum_P3_amplicon
240216_GSU_CL_001_RNA_input_D21_P3_prep2_S1_L001.fastq.gz,ORF1ab_polyprotein K2548N,7855,1.16,K2548N,ORF1ab_polyprotein,A7644T,A to T,nonsynonymous SNV,346,inoculum_P3_amplicon
240216_GSU_CL_001_RNA_input_D21_P3_prep2_S1_L001.fastq.gz,ORF1ab_polyprotein T2898K,8904,1,T2898K,ORF1ab_polyprotein,C8693A,C to A,nonsynonymous SNV,802,inoculum_P3_amplicon
240216_GSU_CL_001_RNA_input_D21_P3_prep2_S1_L001.fastq.gz,ORF1ab_polyprotein T2936T,9019,1.93,T2936T,ORF1ab_polyprotein,C8808T,C to T,synonymous SNV,7466,inoculum_P3_amplicon
240216_GSU_CL_001_RNA_input_D21_P3_prep2_S1_L001.fastq.gz,ORF1ab_polyprotein F3444L,10541,1.2,F3444L,ORF1ab_polyprotein,T10330C,T to C,nonsynonymous SNV,668,inoculum_P3_amplicon
240216_GSU_CL_001_RNA_input_D21_P3_prep2_S1_L001.fastq.gz,ORF1ab_polyprotein A3518V,10764,1.6,A3518V,ORF1ab_polyprotein,C10553T,C to T,nonsynonymous SNV,752,inoculum_P3_amplicon
240216_GSU_CL_001_RNA_input_D21_P3_prep2_S1_L001.fastq.gz,ORF1ab_polyprotein A3610T,11039,1.9,A3610T,ORF1ab_polyprotein,G10828A,G to A,nonsynonymous SNV,422,inoculum_P3_amplicon
240216_GSU_CL_001_RNA_input_D21_P3_prep2_S1_L001.fastq.gz,ORF1ab_polyprotein E3962D,12097,1.9,E3962D,ORF1ab_polyprotein,G11886C,G to C,nonsynonymous SNV,210,inoculum_P3_amplicon
240216_GSU_CL_001_RNA_input_D21_P3_prep2_S1_L001.fastq.gz,ORF1ab_polyprotein L4061V,12392,2.56,L4061V,ORF1ab_polyprotein,C12181G,C to G,nonsynonymous SNV,156,inoculum_P3_amplicon
240216_GSU_CL_001_RNA_input_D21_P3_prep2_S1_L001.fastq.gz,ORF1ab_polyprotein L4206L,12829,1.18,L4206L,ORF1ab_polyprotein,G12618A,G to A,synonymous SNV,338,inoculum_P3_amplicon
240216_GSU_CL_001_RNA_input_D21_P3_prep2_S1_L001.fastq.gz,ORF1ab_polyprotein A4259V,12987,1.44,A4259V,ORF1ab_polyprotein,C12776T,C to T,nonsynonymous SNV,554,inoculum_P3_amplicon
240216_GSU_CL_001_RNA_input_D21_P3_prep2_S1_L001.fastq.gz,ORF1ab_polyprotein F4608C,14033,1.58,F4608C,ORF1ab_polyprotein,T13823G,T to G,nonsynonymous SNV,506,inoculum_P3_amplicon
240216_GSU_CL_001_RNA_input_D21_P3_prep2_S1_L001.fastq.gz,ORF1ab_polyprotein D4680D,14250,7.14,D4680D,ORF1ab_polyprotein,T14040C,T to C,synonymous SNV,56,inoculum_P3_amplicon
240216_GSU_CL_001_RNA_input_D21_P3_prep2_S1_L001.fastq.gz,ORF1ab_polyprotein A4700T,14308,1.72,A4700T,ORF1ab_polyprotein,G14098A,G to A,nonsynonymous SNV,466,inoculum_P3_amplicon
240216_GSU_CL_001_RNA_input_D21_P3_prep2_S1_L001.fastq.gz,ORF1ab_polyprotein A4891A,14883,1.66,A4891A,ORF1ab_polyprotein,T14673C,T to C,synonymous SNV,724,inoculum_P3_amplicon
240216_GSU_CL_001_RNA_input_D21_P3_prep2_S1_L001.fastq.gz,ORF1ab_polyprotein W5435G,16513,1.05,W5435G,ORF1ab_polyprotein,T16303G,T to G,nonsynonymous SNV,382,inoculum_P3_amplicon
240216_GSU_CL_001_RNA_input_D21_P3_prep2_S1_L001.fastq.gz,ORF1ab_polyprotein L5540S,16829,3.12,L5540S,ORF1ab_polyprotein,T16619C,T to C,nonsynonymous SNV,128,inoculum_P3_amplicon
240216_GSU_CL_001_RNA_input_D21_P3_prep2_S1_L001.fastq.gz,ORF1ab_polyprotein D5779D,17547,3.64,D5779D,ORF1ab_polyprotein,T17337C,T to C,synonymous SNV,110,inoculum_P3_amplicon
240216_GSU_CL_001_RNA_input_D21_P3_prep2_S1_L001.fastq.gz,ORF1ab_polyprotein A6347A,19251,1.46,A6347A,ORF1ab_polyprotein,A19041G,A to G,synonymous SNV,274,inoculum_P3_amplicon
240216_GSU_CL_001_RNA_input_D21_P3_prep2_S1_L001.fastq.gz,ORF1ab_polyprotein P6351P,19263,1.48,P6351P,ORF1ab_polyprotein,A19053G,A to G,synonymous SNV,270,inoculum_P3_amplicon
240216_GSU_CL_001_RNA_input_D21_P3_prep2_S1_L001.fastq.gz,ORF1ab_polyprotein A6352S,19264,1.47,A6352S,ORF1ab_polyprotein,G19054T,G to T,nonsynonymous SNV,272,inoculum_P3_amplicon
240216_GSU_CL_001_RNA_input_D21_P3_prep2_S1_L001.fastq.gz,ORF1ab_polyprotein H6377R,19340,2.44,H6377R,ORF1ab_polyprotein,A19130G,A to G,nonsynonymous SNV,164,inoculum_P3_amplicon
240216_GSU_CL_001_RNA_input_D21_P3_prep2_S1_L001.fastq.gz,ORF1ab_polyprotein M6658T,20183,3.03,M6658T,ORF1ab_polyprotein,T19973C,T to C,nonsynonymous SNV,132,inoculum_P3_amplicon
240216_GSU_CL_001_RNA_input_D21_P3_prep2_S1_L001.fastq.gz,ORF1ab_polyprotein A6867A,20811,1.61,A6867A,ORF1ab_polyprotein,T20601C,T to C,synonymous SNV,248,inoculum_P3_amplicon
240216_GSU_CL_001_RNA_input_D21_P3_prep2_S1_L001.fastq.gz,ORF1ab_polyprotein W6919R,20965,4.35,W6919R,ORF1ab_polyprotein,T20755C,T to C,nonsynonymous SNV,92,inoculum_P3_amplicon
240216_GSU_CL_001_RNA_input_D21_P3_prep2_S1_L001.fastq.gz,surface_glycoprotein V42A,21624,3.39,V42A,surface_glycoprotein,T125C,T to C,nonsynonymous SNV,118,inoculum_P3_amplicon
240216_GSU_CL_001_RNA_input_D21_P3_prep2_S1_L001.fastq.gz,surface_glycoprotein N148Y,21941,1.92,N148Y,surface_glycoprotein,A442T,A to T,nonsynonymous SNV,208,inoculum_P3_amplicon
240216_GSU_CL_001_RNA_input_D21_P3_prep2_S1_L001.fastq.gz,surface_glycoprotein F168F,22003,2,F168F,surface_glycoprotein,T504C,T to C,synonymous SNV,200,inoculum_P3_amplicon
240216_GSU_CL_001_RNA_input_D21_P3_prep2_S1_L001.fastq.gz,surface_glycoprotein S205P,22112,1.05,S205P,surface_glycoprotein,T613C,T to C,nonsynonymous SNV,382,inoculum_P3_amplicon
240216_GSU_CL_001_RNA_input_D21_P3_prep2_S1_L001.fastq.gz,surface_glycoprotein T296T,22387,1.15,T296T,surface_glycoprotein,A888G,A to G,synonymous SNV,348,inoculum_P3_amplicon
240216_GSU_CL_001_RNA_input_D21_P3_prep2_S1_L001.fastq.gz,surface_glycoprotein Y310H,22427,1.2,Y310H,surface_glycoprotein,T928C,T to C,nonsynonymous SNV,334,inoculum_P3_amplicon
240216_GSU_CL_001_RNA_input_D21_P3_prep2_S1_L001.fastq.gz,surface_glycoprotein V364V,22591,2,V364V,surface_glycoprotein,C1092T,C to T,synonymous SNV,200,inoculum_P3_amplicon
240216_GSU_CL_001_RNA_input_D21_P3_prep2_S1_L001.fastq.gz,surface_glycoprotein T427T,22780,2.04,T427T,surface_glycoprotein,A1281G,A to G,synonymous SNV,196,inoculum_P3_amplicon
240216_GSU_CL_001_RNA_input_D21_P3_prep2_S1_L001.fastq.gz,surface_glycoprotein A889A,24166,1.22,A889A,surface_glycoprotein,T2667C,T to C,synonymous SNV,328,inoculum_P3_amplicon
240216_GSU_CL_001_RNA_input_D21_P3_prep2_S1_L001.fastq.gz,surface_glycoprotein C1123C,24868,1.52,C1123C,surface_glycoprotein,T3369C,T to C,synonymous SNV,264,inoculum_P3_amplicon
240216_GSU_CL_001_RNA_input_D21_P3_prep2_S1_L001.fastq.gz,surface_glycoprotein V1134I,24899,2.53,V1134I,surface_glycoprotein,G3400A,G to A,nonsynonymous SNV,158,inoculum_P3_amplicon
240216_GSU_CL_001_RNA_input_D21_P3_prep2_S1_L001.fastq.gz,surface_glycoprotein E1179K,25034,1.43,E1179K,surface_glycoprotein,G3535A,G to A,nonsynonymous SNV,280,inoculum_P3_amplicon
240216_GSU_CL_001_RNA_input_D21_P3_prep2_S1_L001.fastq.gz,surface_glycoprotein I1195T,25083,2.25,I1195T,surface_glycoprotein,T3584C,T to C,nonsynonymous SNV,178,inoculum_P3_amplicon
240216_GSU_CL_001_RNA_input_D21_P3_prep2_S1_L001.fastq.gz,membrane_glycoprotein L35L,26553,1.1,L35L,membrane_glycoprotein,C103T,C to T,synonymous SNV,362,inoculum_P3_amplicon
240216_GSU_CL_001_RNA_input_D21_P3_prep2_S1_L001.fastq.gz,membrane_glycoprotein L56L,26618,1.12,L56L,membrane_glycoprotein,G168A,G to A,synonymous SNV,356,inoculum_P3_amplicon
240216_GSU_CL_001_RNA_input_D21_P3_prep2_S1_L001.fastq.gz,ORF7a_protein G26S,27397,1.09,G26S,ORF7a_protein,G76A,G to A,nonsynonymous SNV,736,inoculum_P3_amplicon
240216_GSU_CL_001_RNA_input_D21_P3_prep2_S1_L001.fastq.gz,ORF7a_protein R118K,27674,1.02,R118K,ORF7a_protein,G353A,G to A,nonsynonymous SNV,394,inoculum_P3_amplicon
240216_GSU_CL_001_RNA_input_D21_P3_prep2_S1_L001.fastq.gz,ORF7b I7T,27703,1.26,I7T,ORF7b,T20C,T to C,nonsynonymous SNV,318,inoculum_P3_amplicon
240216_GSU_CL_001_RNA_input_D21_P3_prep2_S1_L001.fastq.gz,ORF7b V21F,27744,1.26,V21F,ORF7b,G61T,G to T,nonsynonymous SNV,318,inoculum_P3_amplicon
240216_GSU_CL_001_RNA_input_D21_P3_prep2_S1_L001.fastq.gz,ORF1a_polyprotein V488V,1675,4.88,V488V,ORF1a_polyprotein,G1464T,G to T,synonymous SNV,82,inoculum_P3_amplicon
240216_GSU_CL_001_RNA_input_D21_P3_prep2_S1_L001.fastq.gz,ORF1a_polyprotein C506C,1729,5.26,C506C,ORF1a_polyprotein,T1518C,T to C,synonymous SNV,76,inoculum_P3_amplicon
240216_GSU_CL_001_RNA_input_D21_P3_prep2_S1_L001.fastq.gz,ORF1a_polyprotein S588S,1975,16.98,S588S,ORF1a_polyprotein,T1764G,T to G,synonymous SNV,5948,inoculum_P3_amplicon
240216_GSU_CL_001_RNA_input_D21_P3_prep2_S1_L001.fastq.gz,ORF1a_polyprotein G706G,2329,2.67,G706G,ORF1a_polyprotein,T2118C,T to C,synonymous SNV,300,inoculum_P3_amplicon
240216_GSU_CL_001_RNA_input_D21_P3_prep2_S1_L001.fastq.gz,ORF1a_polyprotein V710F,2339,1.32,V710F,ORF1a_polyprotein,G2128T,G to T,nonsynonymous SNV,302,inoculum_P3_amplicon
240216_GSU_CL_001_RNA_input_D21_P3_prep2_S1_L001.fastq.gz,ORF1a_polyprotein L733Q,2409,1.43,L733Q,ORF1a_polyprotein,T2198A,T to A,nonsynonymous SNV,280,inoculum_P3_amplicon
240216_GSU_CL_001_RNA_input_D21_P3_prep2_S1_L001.fastq.gz,ORF1a_polyprotein L752L,2465,1.59,L752L,ORF1a_polyprotein,T2254C,T to C,synonymous SNV,502,inoculum_P3_amplicon
240216_GSU_CL_001_RNA_input_D21_P3_prep2_S1_L001.fastq.gz,ORF1a_polyprotein A1049D,3357,6.25,A1049D,ORF1a_polyprotein,C3146A,C to A,nonsynonymous SNV,64,inoculum_P3_amplicon
240216_GSU_CL_001_RNA_input_D21_P3_prep2_S1_L001.fastq.gz,ORF1a_polyprotein L1065I,3404,1.41,L1065I,ORF1a_polyprotein,C3193A,C to A,nonsynonymous SNV,284,inoculum_P3_amplicon
240216_GSU_CL_001_RNA_input_D21_P3_prep2_S1_L001.fastq.gz,ORF1a_polyprotein A1397A,4402,1.3,A1397A,ORF1a_polyprotein,C4191T,C to T,synonymous SNV,926,inoculum_P3_amplicon
240216_GSU_CL_001_RNA_input_D21_P3_prep2_S1_L001.fastq.gz,ORF1a_polyprotein D1481G,4653,1.05,D1481G,ORF1a_polyprotein,A4442G,A to G,nonsynonymous SNV,380,inoculum_P3_amplicon
240216_GSU_CL_001_RNA_input_D21_P3_prep2_S1_L001.fastq.gz,ORF1a_polyprotein K1529R,4797,1.82,K1529R,ORF1a_polyprotein,A4586G,A to G,nonsynonymous SNV,220,inoculum_P3_amplicon
240216_GSU_CL_001_RNA_input_D21_P3_prep2_S1_L001.fastq.gz,ORF1a_polyprotein Y1619C,5067,1.52,Y1619C,ORF1a_polyprotein,A4856G,A to G,nonsynonymous SNV,264,inoculum_P3_amplicon
240216_GSU_CL_001_RNA_input_D21_P3_prep2_S1_L001.fastq.gz,ORF1a_polyprotein P1803P,5620,1.01,P1803P,ORF1a_polyprotein,T5409C,T to C,synonymous SNV,398,inoculum_P3_amplicon
240216_GSU_CL_001_RNA_input_D21_P3_prep2_S1_L001.fastq.gz,ORF1a_polyprotein E1826G,5688,1.29,E1826G,ORF1a_polyprotein,A5477G,A to G,nonsynonymous SNV,310,inoculum_P3_amplicon
240216_GSU_CL_001_RNA_input_D21_P3_prep2_S1_L001.fastq.gz,ORF1a_polyprotein D1849D,5758,1.29,D1849D,ORF1a_polyprotein,C5547T,C to T,synonymous SNV,310,inoculum_P3_amplicon
240216_GSU_CL_001_RNA_input_D21_P3_prep2_S1_L001.fastq.gz,ORF1a_polyprotein Y1868H,5813,1.75,Y1868H,ORF1a_polyprotein,T5602C,T to C,nonsynonymous SNV,228,inoculum_P3_amplicon
240216_GSU_CL_001_RNA_input_D21_P3_prep2_S1_L001.fastq.gz,ORF1a_polyprotein T1874A,5831,1.75,T1874A,ORF1a_polyprotein,A5620G,A to G,nonsynonymous SNV,228,inoculum_P3_amplicon
240216_GSU_CL_001_RNA_input_D21_P3_prep2_S1_L001.fastq.gz,ORF1a_polyprotein T1875T,5836,1.77,T1875T,ORF1a_polyprotein,A5625G,A to G,synonymous SNV,226,inoculum_P3_amplicon
240216_GSU_CL_001_RNA_input_D21_P3_prep2_S1_L001.fastq.gz,ORF1a_polyprotein G2073G,6430,1.96,G2073G,ORF1a_polyprotein,A6219G,A to G,synonymous SNV,204,inoculum_P3_amplicon
240216_GSU_CL_001_RNA_input_D21_P3_prep2_S1_L001.fastq.gz,ORF1a_polyprotein S2303F,7119,11.76,S2303F,ORF1a_polyprotein,C6908T,C to T,nonsynonymous SNV,34,inoculum_P3_amplicon
240216_GSU_CL_001_RNA_input_D21_P3_prep2_S1_L001.fastq.gz,ORF1a_polyprotein R2336M,7218,1.48,R2336M,ORF1a_polyprotein,G7007T,G to T,nonsynonymous SNV,270,inoculum_P3_amplicon
240216_GSU_CL_001_RNA_input_D21_P3_prep2_S1_L001.fastq.gz,ORF1a_polyprotein L2473L,7628,1.28,L2473L,ORF1a_polyprotein,T7417C,T to C,synonymous SNV,312,inoculum_P3_amplicon
240216_GSU_CL_001_RNA_input_D21_P3_prep2_S1_L001.fastq.gz,ORF1a_polyprotein K2548N,7855,1.16,K2548N,ORF1a_polyprotein,A7644T,A to T,nonsynonymous SNV,346,inoculum_P3_amplicon
240216_GSU_CL_001_RNA_input_D21_P3_prep2_S1_L001.fastq.gz,ORF1a_polyprotein T2898K,8904,1,T2898K,ORF1a_polyprotein,C8693A,C to A,nonsynonymous SNV,802,inoculum_P3_amplicon
240216_GSU_CL_001_RNA_input_D21_P3_prep2_S1_L001.fastq.gz,ORF1a_polyprotein T2936T,9019,1.93,T2936T,ORF1a_polyprotein,C8808T,C to T,synonymous SNV,7466,inoculum_P3_amplicon
240216_GSU_CL_001_RNA_input_D21_P3_prep2_S1_L001.fastq.gz,ORF1a_polyprotein F3444L,10541,1.2,F3444L,ORF1a_polyprotein,T10330C,T to C,nonsynonymous SNV,668,inoculum_P3_amplicon
240216_GSU_CL_001_RNA_input_D21_P3_prep2_S1_L001.fastq.gz,ORF1a_polyprotein A3518V,10764,1.6,A3518V,ORF1a_polyprotein,C10553T,C to T,nonsynonymous SNV,752,inoculum_P3_amplicon
240216_GSU_CL_001_RNA_input_D21_P3_prep2_S1_L001.fastq.gz,ORF1a_polyprotein A3610T,11039,1.9,A3610T,ORF1a_polyprotein,G10828A,G to A,nonsynonymous SNV,422,inoculum_P3_amplicon
240216_GSU_CL_001_RNA_input_D21_P3_prep2_S1_L001.fastq.gz,ORF1a_polyprotein E3962D,12097,1.9,E3962D,ORF1a_polyprotein,G11886C,G to C,nonsynonymous SNV,210,inoculum_P3_amplicon
240216_GSU_CL_001_RNA_input_D21_P3_prep2_S1_L001.fastq.gz,ORF1a_polyprotein L4061V,12392,2.56,L4061V,ORF1a_polyprotein,C12181G,C to G,nonsynonymous SNV,156,inoculum_P3_amplicon
240216_GSU_CL_001_RNA_input_D21_P3_prep2_S1_L001.fastq.gz,ORF1a_polyprotein L4206L,12829,1.18,L4206L,ORF1a_polyprotein,G12618A,G to A,synonymous SNV,338,inoculum_P3_amplicon
240216_GSU_CL_001_RNA_input_D21_P3_prep2_S1_L001.fastq.gz,ORF1a_polyprotein A4259V,12987,1.44,A4259V,ORF1a_polyprotein,C12776T,C to T,nonsynonymous SNV,554,inoculum_P3_amplicon
240216_GSU_CL_001_RNA_input_D21_P3_prep2_S1_L001.fastq.gz,ORF1ab_polyprotein E1499*,4706,1.41,E1499*,ORF1ab_polyprotein,G4495T,G to T,stopgain,566,inoculum_P3_amplicon
240216_GSU_CL_001_RNA_input_D21_P3_prep2_S1_L001.fastq.gz,ORF1ab_polyprotein G1982*,6155,1.8,G1982*,ORF1ab_polyprotein,G5944T,G to T,stopgain,222,inoculum_P3_amplicon
240216_GSU_CL_001_RNA_input_D21_P3_prep2_S1_L001.fastq.gz,ORF1a_polyprotein E1499*,4706,1.41,E1499*,ORF1a_polyprotein,G4495T,G to T,stopgain,566,inoculum_P3_amplicon
240216_GSU_CL_001_RNA_input_D21_P3_prep2_S1_L001.fastq.gz,ORF1a_polyprotein G1982*,6155,1.8,G1982*,ORF1a_polyprotein,G5944T,G to T,stopgain,222,inoculum_P3_amplicon
240216_GSU_CL_002_RNA_input_D21_P4_prep2_S2_L001.fastq.gz,ORF1ab_polyprotein P254L,972,2.15,P254L,ORF1ab_polyprotein,C761T,C to T,nonsynonymous SNV,186,inoculum_P4_amplicon
240216_GSU_CL_002_RNA_input_D21_P4_prep2_S2_L001.fastq.gz,ORF1ab_polyprotein G514E,1752,1.72,G514E,ORF1ab_polyprotein,G1541A,G to A,nonsynonymous SNV,232,inoculum_P4_amplicon
240216_GSU_CL_002_RNA_input_D21_P4_prep2_S2_L001.fastq.gz,ORF1ab_polyprotein A541T,1832,6.67,A541T,ORF1ab_polyprotein,G1621A,G to A,nonsynonymous SNV,60,inoculum_P4_amplicon
240216_GSU_CL_002_RNA_input_D21_P4_prep2_S2_L001.fastq.gz,ORF1ab_polyprotein R550H,1860,1.02,R550H,ORF1ab_polyprotein,G1649A,G to A,nonsynonymous SNV,392,inoculum_P4_amplicon
240216_GSU_CL_002_RNA_input_D21_P4_prep2_S2_L001.fastq.gz,ORF1ab_polyprotein S588S,1975,16.63,S588S,ORF1ab_polyprotein,T1764G,T to G,synonymous SNV,4956,inoculum_P4_amplicon
240216_GSU_CL_002_RNA_input_D21_P4_prep2_S2_L001.fastq.gz,ORF1ab_polyprotein V751E,2463,1.13,V751E,ORF1ab_polyprotein,T2252A,T to A,nonsynonymous SNV,354,inoculum_P4_amplicon
240216_GSU_CL_002_RNA_input_D21_P4_prep2_S2_L001.fastq.gz,ORF1ab_polyprotein V757F,2480,1.06,V757F,ORF1ab_polyprotein,G2269T,G to T,nonsynonymous SNV,376,inoculum_P4_amplicon
240216_GSU_CL_002_RNA_input_D21_P4_prep2_S2_L001.fastq.gz,ORF1ab_polyprotein R848G,2753,2.2,R848G,ORF1ab_polyprotein,A2542G,A to G,nonsynonymous SNV,182,inoculum_P4_amplicon
240216_GSU_CL_002_RNA_input_D21_P4_prep2_S2_L001.fastq.gz,ORF1ab_polyprotein G1068G,3415,1.55,G1068G,ORF1ab_polyprotein,A3204G,A to G,synonymous SNV,258,inoculum_P4_amplicon
240216_GSU_CL_002_RNA_input_D21_P4_prep2_S2_L001.fastq.gz,ORF1ab_polyprotein A1072V,3426,1.56,A1072V,ORF1ab_polyprotein,C3215T,C to T,nonsynonymous SNV,256,inoculum_P4_amplicon
240216_GSU_CL_002_RNA_input_D21_P4_prep2_S2_L001.fastq.gz,ORF1ab_polyprotein A1156A,3679,3.77,A1156A,ORF1ab_polyprotein,T3468C,T to C,synonymous SNV,106,inoculum_P4_amplicon
240216_GSU_CL_002_RNA_input_D21_P4_prep2_S2_L001.fastq.gz,ORF1ab_polyprotein K1231I,3903,4.65,K1231I,ORF1ab_polyprotein,A3692T,A to T,nonsynonymous SNV,86,inoculum_P4_amplicon
240216_GSU_CL_002_RNA_input_D21_P4_prep2_S2_L001.fastq.gz,ORF1ab_polyprotein S1361P,4292,1.03,S1361P,ORF1ab_polyprotein,T4081C,T to C,nonsynonymous SNV,388,inoculum_P4_amplicon
240216_GSU_CL_002_RNA_input_D21_P4_prep2_S2_L001.fastq.gz,ORF1ab_polyprotein E1394K,4391,1.01,E1394K,ORF1ab_polyprotein,G4180A,G to A,nonsynonymous SNV,796,inoculum_P4_amplicon
240216_GSU_CL_002_RNA_input_D21_P4_prep2_S2_L001.fastq.gz,ORF1ab_polyprotein A1397A,4402,1.26,A1397A,ORF1ab_polyprotein,C4191T,C to T,synonymous SNV,794,inoculum_P4_amplicon
240216_GSU_CL_002_RNA_input_D21_P4_prep2_S2_L001.fastq.gz,ORF1ab_polyprotein K1470K,4621,1.11,K1470K,ORF1ab_polyprotein,A4410G,A to G,synonymous SNV,360,inoculum_P4_amplicon
240216_GSU_CL_002_RNA_input_D21_P4_prep2_S2_L001.fastq.gz,ORF1ab_polyprotein Y1836N,5717,1.37,Y1836N,ORF1ab_polyprotein,T5506A,T to A,nonsynonymous SNV,292,inoculum_P4_amplicon
240216_GSU_CL_002_RNA_input_D21_P4_prep2_S2_L001.fastq.gz,ORF1ab_polyprotein G1850V,5760,1.35,G1850V,ORF1ab_polyprotein,G5549T,G to T,nonsynonymous SNV,296,inoculum_P4_amplicon
240216_GSU_CL_002_RNA_input_D21_P4_prep2_S2_L001.fastq.gz,ORF1ab_polyprotein T1854I,5772,1.87,T1854I,ORF1ab_polyprotein,C5561T,C to T,nonsynonymous SNV,214,inoculum_P4_amplicon
240216_GSU_CL_002_RNA_input_D21_P4_prep2_S2_L001.fastq.gz,ORF1ab_polyprotein G1965S,6104,1.39,G1965S,ORF1ab_polyprotein,G5893A,G to A,nonsynonymous SNV,288,inoculum_P4_amplicon
240216_GSU_CL_002_RNA_input_D21_P4_prep2_S2_L001.fastq.gz,ORF1ab_polyprotein S1978F,6144,1.15,S1978F,ORF1ab_polyprotein,C5933T,C to T,nonsynonymous SNV,348,inoculum_P4_amplicon
240216_GSU_CL_002_RNA_input_D21_P4_prep2_S2_L001.fastq.gz,ORF1ab_polyprotein W2232L,6906,3.03,W2232L,ORF1ab_polyprotein,G6695T,G to T,nonsynonymous SNV,264,inoculum_P4_amplicon
240216_GSU_CL_002_RNA_input_D21_P4_prep2_S2_L001.fastq.gz,ORF1ab_polyprotein A2345T,7244,1.22,A2345T,ORF1ab_polyprotein,G7033A,G to A,nonsynonymous SNV,328,inoculum_P4_amplicon
240216_GSU_CL_002_RNA_input_D21_P4_prep2_S2_L001.fastq.gz,ORF1ab_polyprotein A2529A,7798,1.47,A2529A,ORF1ab_polyprotein,T7587C,T to C,synonymous SNV,272,inoculum_P4_amplicon
240216_GSU_CL_002_RNA_input_D21_P4_prep2_S2_L001.fastq.gz,ORF1ab_polyprotein K2548R,7854,1.92,K2548R,ORF1ab_polyprotein,A7643G,A to G,nonsynonymous SNV,416,inoculum_P4_amplicon
240216_GSU_CL_002_RNA_input_D21_P4_prep2_S2_L001.fastq.gz,ORF1ab_polyprotein G2863V,8799,3.57,G2863V,ORF1ab_polyprotein,G8588T,G to T,complex,448,inoculum_P4_amplicon
240216_GSU_CL_002_RNA_input_D21_P4_prep2_S2_L001.fastq.gz,ORF1ab_polyprotein G2863G,8800,1.33,G2863G,ORF1ab_polyprotein,T8589G,T to G,complex,450,inoculum_P4_amplicon
240216_GSU_CL_002_RNA_input_D21_P4_prep2_S2_L001.fastq.gz,ORF1ab_polyprotein P2899L,8907,1.8,P2899L,ORF1ab_polyprotein,C8696T,C to T,nonsynonymous SNV,668,inoculum_P4_amplicon
240216_GSU_CL_002_RNA_input_D21_P4_prep2_S2_L001.fastq.gz,ORF1ab_polyprotein T2936T,9019,2.62,T2936T,ORF1ab_polyprotein,C8808T,C to T,synonymous SNV,6256,inoculum_P4_amplicon
240216_GSU_CL_002_RNA_input_D21_P4_prep2_S2_L001.fastq.gz,ORF1ab_polyprotein A3079A,9448,2.96,A3079A,ORF1ab_polyprotein,C9237T,C to T,synonymous SNV,1826,inoculum_P4_amplicon
240216_GSU_CL_002_RNA_input_D21_P4_prep2_S2_L001.fastq.gz,ORF1ab_polyprotein H3580Y,10949,3.6,H3580Y,ORF1ab_polyprotein,C10738T,C to T,nonsynonymous SNV,222,inoculum_P4_amplicon
240216_GSU_CL_002_RNA_input_D21_P4_prep2_S2_L001.fastq.gz,ORF1ab_polyprotein P3613P,11050,1.43,P3613P,ORF1ab_polyprotein,T10839C,T to C,synonymous SNV,560,inoculum_P4_amplicon
240216_GSU_CL_002_RNA_input_D21_P4_prep2_S2_L001.fastq.gz,ORF1ab_polyprotein K3677K,11242,1,K3677K,ORF1ab_polyprotein,A11031G,A to G,synonymous SNV,400,inoculum_P4_amplicon
240216_GSU_CL_002_RNA_input_D21_P4_prep2_S2_L001.fastq.gz,ORF1ab_polyprotein F3794L,11591,3.74,F3794L,ORF1ab_polyprotein,T11380C,T to C,nonsynonymous SNV,214,inoculum_P4_amplicon
240216_GSU_CL_002_RNA_input_D21_P4_prep2_S2_L001.fastq.gz,ORF1ab_polyprotein E3971G,12123,1.64,E3971G,ORF1ab_polyprotein,A11912G,A to G,nonsynonymous SNV,244,inoculum_P4_amplicon
240216_GSU_CL_002_RNA_input_D21_P4_prep2_S2_L001.fastq.gz,ORF1ab_polyprotein R4129R,12598,1.36,R4129R,ORF1ab_polyprotein,G12387A,G to A,synonymous SNV,590,inoculum_P4_amplicon
240216_GSU_CL_002_RNA_input_D21_P4_prep2_S2_L001.fastq.gz,ORF1ab_polyprotein A4423V,13478,1.07,A4423V,ORF1ab_polyprotein,C13268T,C to T,nonsynonymous SNV,2048,inoculum_P4_amplicon
240216_GSU_CL_002_RNA_input_D21_P4_prep2_S2_L001.fastq.gz,ORF1ab_polyprotein D4649V,14156,1.41,D4649V,ORF1ab_polyprotein,A13946T,A to T,nonsynonymous SNV,284,inoculum_P4_amplicon
240216_GSU_CL_002_RNA_input_D21_P4_prep2_S2_L001.fastq.gz,ORF1ab_polyprotein C5329Y,16196,1.23,C5329Y,ORF1ab_polyprotein,G15986A,G to A,nonsynonymous SNV,324,inoculum_P4_amplicon
240216_GSU_CL_002_RNA_input_D21_P4_prep2_S2_L001.fastq.gz,ORF1ab_polyprotein Y5441H,16531,1.01,Y5441H,ORF1ab_polyprotein,T16321C,T to C,nonsynonymous SNV,398,inoculum_P4_amplicon
240216_GSU_CL_002_RNA_input_D21_P4_prep2_S2_L001.fastq.gz,ORF1ab_polyprotein A5558S,16882,1.3,A5558S,ORF1ab_polyprotein,G16672T,G to T,nonsynonymous SNV,308,inoculum_P4_amplicon
240216_GSU_CL_002_RNA_input_D21_P4_prep2_S2_L001.fastq.gz,ORF1ab_polyprotein R5569K,16916,1.3,R5569K,ORF1ab_polyprotein,G16706A,G to A,nonsynonymous SNV,308,inoculum_P4_amplicon
240216_GSU_CL_002_RNA_input_D21_P4_prep2_S2_L001.fastq.gz,ORF1ab_polyprotein G6065G,18405,1.18,G6065G,ORF1ab_polyprotein,A18195C,A to C,synonymous SNV,338,inoculum_P4_amplicon
240216_GSU_CL_002_RNA_input_D21_P4_prep2_S2_L001.fastq.gz,ORF1ab_polyprotein Q6168K,18712,1.32,Q6168K,ORF1ab_polyprotein,C18502A,C to A,nonsynonymous SNV,608,inoculum_P4_amplicon
240216_GSU_CL_002_RNA_input_D21_P4_prep2_S2_L001.fastq.gz,ORF1ab_polyprotein Y6273C,19028,1.38,Y6273C,ORF1ab_polyprotein,A18818G,A to G,nonsynonymous SNV,290,inoculum_P4_amplicon
240216_GSU_CL_002_RNA_input_D21_P4_prep2_S2_L001.fastq.gz,ORF1ab_polyprotein L6361L,19291,1.68,L6361L,ORF1ab_polyprotein,T19081C,T to C,synonymous SNV,238,inoculum_P4_amplicon
240216_GSU_CL_002_RNA_input_D21_P4_prep2_S2_L001.fastq.gz,ORF1ab_polyprotein Q6363R,19298,1.5,Q6363R,ORF1ab_polyprotein,A19088G,A to G,nonsynonymous SNV,266,inoculum_P4_amplicon
240216_GSU_CL_002_RNA_input_D21_P4_prep2_S2_L001.fastq.gz,ORF1ab_polyprotein G6378E,19343,5.41,G6378E,ORF1ab_polyprotein,G19133A,G to A,nonsynonymous SNV,148,inoculum_P4_amplicon
240216_GSU_CL_002_RNA_input_D21_P4_prep2_S2_L001.fastq.gz,ORF1ab_polyprotein S6425S,19485,1.03,S6425S,ORF1ab_polyprotein,A19275T,A to T,synonymous SNV,388,inoculum_P4_amplicon
240216_GSU_CL_002_RNA_input_D21_P4_prep2_S2_L001.fastq.gz,ORF1ab_polyprotein G6427G,19491,2.08,G6427G,ORF1ab_polyprotein,C19281T,C to T,synonymous SNV,384,inoculum_P4_amplicon
240216_GSU_CL_002_RNA_input_D21_P4_prep2_S2_L001.fastq.gz,ORF1ab_polyprotein G6469S,19615,3.64,G6469S,ORF1ab_polyprotein,G19405A,G to A,nonsynonymous SNV,330,inoculum_P4_amplicon
240216_GSU_CL_002_RNA_input_D21_P4_prep2_S2_L001.fastq.gz,ORF1ab_polyprotein V6526M,19786,3.39,V6526M,ORF1ab_polyprotein,G19576A,G to A,nonsynonymous SNV,118,inoculum_P4_amplicon
240216_GSU_CL_002_RNA_input_D21_P4_prep2_S2_L001.fastq.gz,ORF1ab_polyprotein H6544H,19842,5,H6544H,ORF1ab_polyprotein,T19632C,T to C,synonymous SNV,80,inoculum_P4_amplicon
240216_GSU_CL_002_RNA_input_D21_P4_prep2_S2_L001.fastq.gz,ORF1ab_polyprotein E6640K,20128,2.74,E6640K,ORF1ab_polyprotein,G19918A,G to A,nonsynonymous SNV,146,inoculum_P4_amplicon
240216_GSU_CL_002_RNA_input_D21_P4_prep2_S2_L001.fastq.gz,ORF1ab_polyprotein D6661N,20191,5.88,D6661N,ORF1ab_polyprotein,G19981A,G to A,nonsynonymous SNV,136,inoculum_P4_amplicon
240216_GSU_CL_002_RNA_input_D21_P4_prep2_S2_L001.fastq.gz,ORF1ab_polyprotein Y6848Y,20754,1.6,Y6848Y,ORF1ab_polyprotein,T20544C,T to C,synonymous SNV,250,inoculum_P4_amplicon
240216_GSU_CL_002_RNA_input_D21_P4_prep2_S2_L001.fastq.gz,surface_glycoprotein T167I,21999,4.4,T167I,surface_glycoprotein,C500T,C to T,nonsynonymous SNV,182,inoculum_P4_amplicon
240216_GSU_CL_002_RNA_input_D21_P4_prep2_S2_L001.fastq.gz,surface_glycoprotein P381T,22640,1.59,P381T,surface_glycoprotein,C1141A,C to A,nonsynonymous SNV,252,inoculum_P4_amplicon
240216_GSU_CL_002_RNA_input_D21_P4_prep2_S2_L001.fastq.gz,surface_glycoprotein L422L,22763,2,L422L,surface_glycoprotein,T1264C,T to C,synonymous SNV,200,inoculum_P4_amplicon
240216_GSU_CL_002_RNA_input_D21_P4_prep2_S2_L001.fastq.gz,surface_glycoprotein G854C,24059,1.26,G854C,surface_glycoprotein,G2560T,G to T,nonsynonymous SNV,954,inoculum_P4_amplicon
240216_GSU_CL_002_RNA_input_D21_P4_prep2_S2_L001.fastq.gz,surface_glycoprotein V960I,24377,1.64,V960I,surface_glycoprotein,G2878A,G to A,nonsynonymous SNV,488,inoculum_P4_amplicon
240216_GSU_CL_002_RNA_input_D21_P4_prep2_S2_L001.fastq.gz,surface_glycoprotein D1115D,24844,1.44,D1115D,surface_glycoprotein,C3345T,C to T,synonymous SNV,278,inoculum_P4_amplicon
240216_GSU_CL_002_RNA_input_D21_P4_prep2_S2_L001.fastq.gz,surface_glycoprotein V1125F,24872,1.48,V1125F,surface_glycoprotein,G3373T,G to T,nonsynonymous SNV,270,inoculum_P4_amplicon
240216_GSU_CL_002_RNA_input_D21_P4_prep2_S2_L001.fastq.gz,surface_glycoprotein N1184D,25049,1.08,N1184D,surface_glycoprotein,A3550G,A to G,nonsynonymous SNV,372,inoculum_P4_amplicon
240216_GSU_CL_002_RNA_input_D21_P4_prep2_S2_L001.fastq.gz,surface_glycoprotein N1189D,25064,1.22,N1189D,surface_glycoprotein,A3565G,A to G,nonsynonymous SNV,328,inoculum_P4_amplicon
240216_GSU_CL_002_RNA_input_D21_P4_prep2_S2_L001.fastq.gz,ORF3a_protein G174D,25841,7.14,G174D,ORF3a_protein,G521A,G to A,nonsynonymous SNV,56,inoculum_P4_amplicon
240216_GSU_CL_002_RNA_input_D21_P4_prep2_S2_L001.fastq.gz,membrane_glycoprotein G25V,26524,9.52,G25V,membrane_glycoprotein,G74T,G to T,nonsynonymous SNV,42,inoculum_P4_amplicon
240216_GSU_CL_002_RNA_input_D21_P4_prep2_S2_L001.fastq.gz,ORF7a_protein L116F,27667,1.56,L116F,ORF7a_protein,C346T,C to T,nonsynonymous SNV,512,inoculum_P4_amplicon
240216_GSU_CL_002_RNA_input_D21_P4_prep2_S2_L001.fastq.gz,ORF7b F19L,27738,1.01,F19L,ORF7b,T55C,T to C,nonsynonymous SNV,396,inoculum_P4_amplicon
240216_GSU_CL_002_RNA_input_D21_P4_prep2_S2_L001.fastq.gz,ORF8_protein V117I,28170,1.28,V117I,ORF8_protein,G349A,G to A,nonsynonymous SNV,312,inoculum_P4_amplicon
240216_GSU_CL_002_RNA_input_D21_P4_prep2_S2_L001.fastq.gz,ORF1a_polyprotein P254L,972,2.15,P254L,ORF1a_polyprotein,C761T,C to T,nonsynonymous SNV,186,inoculum_P4_amplicon
240216_GSU_CL_002_RNA_input_D21_P4_prep2_S2_L001.fastq.gz,ORF1a_polyprotein G514E,1752,1.72,G514E,ORF1a_polyprotein,G1541A,G to A,nonsynonymous SNV,232,inoculum_P4_amplicon
240216_GSU_CL_002_RNA_input_D21_P4_prep2_S2_L001.fastq.gz,ORF1a_polyprotein A541T,1832,6.67,A541T,ORF1a_polyprotein,G1621A,G to A,nonsynonymous SNV,60,inoculum_P4_amplicon
240216_GSU_CL_002_RNA_input_D21_P4_prep2_S2_L001.fastq.gz,ORF1a_polyprotein R550H,1860,1.02,R550H,ORF1a_polyprotein,G1649A,G to A,nonsynonymous SNV,392,inoculum_P4_amplicon
240216_GSU_CL_002_RNA_input_D21_P4_prep2_S2_L001.fastq.gz,ORF1a_polyprotein S588S,1975,16.63,S588S,ORF1a_polyprotein,T1764G,T to G,synonymous SNV,4956,inoculum_P4_amplicon
240216_GSU_CL_002_RNA_input_D21_P4_prep2_S2_L001.fastq.gz,ORF1a_polyprotein V751E,2463,1.13,V751E,ORF1a_polyprotein,T2252A,T to A,nonsynonymous SNV,354,inoculum_P4_amplicon
240216_GSU_CL_002_RNA_input_D21_P4_prep2_S2_L001.fastq.gz,ORF1a_polyprotein V757F,2480,1.06,V757F,ORF1a_polyprotein,G2269T,G to T,nonsynonymous SNV,376,inoculum_P4_amplicon
240216_GSU_CL_002_RNA_input_D21_P4_prep2_S2_L001.fastq.gz,ORF1a_polyprotein R848G,2753,2.2,R848G,ORF1a_polyprotein,A2542G,A to G,nonsynonymous SNV,182,inoculum_P4_amplicon
240216_GSU_CL_002_RNA_input_D21_P4_prep2_S2_L001.fastq.gz,ORF1a_polyprotein G1068G,3415,1.55,G1068G,ORF1a_polyprotein,A3204G,A to G,synonymous SNV,258,inoculum_P4_amplicon
240216_GSU_CL_002_RNA_input_D21_P4_prep2_S2_L001.fastq.gz,ORF1a_polyprotein A1072V,3426,1.56,A1072V,ORF1a_polyprotein,C3215T,C to T,nonsynonymous SNV,256,inoculum_P4_amplicon
240216_GSU_CL_002_RNA_input_D21_P4_prep2_S2_L001.fastq.gz,ORF1a_polyprotein A1156A,3679,3.77,A1156A,ORF1a_polyprotein,T3468C,T to C,synonymous SNV,106,inoculum_P4_amplicon
240216_GSU_CL_002_RNA_input_D21_P4_prep2_S2_L001.fastq.gz,ORF1a_polyprotein K1231I,3903,4.65,K1231I,ORF1a_polyprotein,A3692T,A to T,nonsynonymous SNV,86,inoculum_P4_amplicon
240216_GSU_CL_002_RNA_input_D21_P4_prep2_S2_L001.fastq.gz,ORF1a_polyprotein S1361P,4292,1.03,S1361P,ORF1a_polyprotein,T4081C,T to C,nonsynonymous SNV,388,inoculum_P4_amplicon
240216_GSU_CL_002_RNA_input_D21_P4_prep2_S2_L001.fastq.gz,ORF1a_polyprotein E1394K,4391,1.01,E1394K,ORF1a_polyprotein,G4180A,G to A,nonsynonymous SNV,796,inoculum_P4_amplicon
240216_GSU_CL_002_RNA_input_D21_P4_prep2_S2_L001.fastq.gz,ORF1a_polyprotein A1397A,4402,1.26,A1397A,ORF1a_polyprotein,C4191T,C to T,synonymous SNV,794,inoculum_P4_amplicon
240216_GSU_CL_002_RNA_input_D21_P4_prep2_S2_L001.fastq.gz,ORF1a_polyprotein K1470K,4621,1.11,K1470K,ORF1a_polyprotein,A4410G,A to G,synonymous SNV,360,inoculum_P4_amplicon
240216_GSU_CL_002_RNA_input_D21_P4_prep2_S2_L001.fastq.gz,ORF1a_polyprotein Y1836N,5717,1.37,Y1836N,ORF1a_polyprotein,T5506A,T to A,nonsynonymous SNV,292,inoculum_P4_amplicon
240216_GSU_CL_002_RNA_input_D21_P4_prep2_S2_L001.fastq.gz,ORF1a_polyprotein G1850V,5760,1.35,G1850V,ORF1a_polyprotein,G5549T,G to T,nonsynonymous SNV,296,inoculum_P4_amplicon
240216_GSU_CL_002_RNA_input_D21_P4_prep2_S2_L001.fastq.gz,ORF1a_polyprotein T1854I,5772,1.87,T1854I,ORF1a_polyprotein,C5561T,C to T,nonsynonymous SNV,214,inoculum_P4_amplicon
240216_GSU_CL_002_RNA_input_D21_P4_prep2_S2_L001.fastq.gz,ORF1a_polyprotein G1965S,6104,1.39,G1965S,ORF1a_polyprotein,G5893A,G to A,nonsynonymous SNV,288,inoculum_P4_amplicon
240216_GSU_CL_002_RNA_input_D21_P4_prep2_S2_L001.fastq.gz,ORF1a_polyprotein S1978F,6144,1.15,S1978F,ORF1a_polyprotein,C5933T,C to T,nonsynonymous SNV,348,inoculum_P4_amplicon
240216_GSU_CL_002_RNA_input_D21_P4_prep2_S2_L001.fastq.gz,ORF1a_polyprotein W2232L,6906,3.03,W2232L,ORF1a_polyprotein,G6695T,G to T,nonsynonymous SNV,264,inoculum_P4_amplicon
240216_GSU_CL_002_RNA_input_D21_P4_prep2_S2_L001.fastq.gz,ORF1a_polyprotein A2345T,7244,1.22,A2345T,ORF1a_polyprotein,G7033A,G to A,nonsynonymous SNV,328,inoculum_P4_amplicon
240216_GSU_CL_002_RNA_input_D21_P4_prep2_S2_L001.fastq.gz,ORF1a_polyprotein A2529A,7798,1.47,A2529A,ORF1a_polyprotein,T7587C,T to C,synonymous SNV,272,inoculum_P4_amplicon
240216_GSU_CL_002_RNA_input_D21_P4_prep2_S2_L001.fastq.gz,ORF1a_polyprotein K2548R,7854,1.92,K2548R,ORF1a_polyprotein,A7643G,A to G,nonsynonymous SNV,416,inoculum_P4_amplicon
240216_GSU_CL_002_RNA_input_D21_P4_prep2_S2_L001.fastq.gz,ORF1a_polyprotein G2863V,8799,3.57,G2863V,ORF1a_polyprotein,G8588T,G to T,complex,448,inoculum_P4_amplicon
240216_GSU_CL_002_RNA_input_D21_P4_prep2_S2_L001.fastq.gz,ORF1a_polyprotein G2863G,8800,1.33,G2863G,ORF1a_polyprotein,T8589G,T to G,complex,450,inoculum_P4_amplicon
240216_GSU_CL_002_RNA_input_D21_P4_prep2_S2_L001.fastq.gz,ORF1a_polyprotein P2899L,8907,1.8,P2899L,ORF1a_polyprotein,C8696T,C to T,nonsynonymous SNV,668,inoculum_P4_amplicon
240216_GSU_CL_002_RNA_input_D21_P4_prep2_S2_L001.fastq.gz,ORF1a_polyprotein T2936T,9019,2.62,T2936T,ORF1a_polyprotein,C8808T,C to T,synonymous SNV,6256,inoculum_P4_amplicon
240216_GSU_CL_002_RNA_input_D21_P4_prep2_S2_L001.fastq.gz,ORF1a_polyprotein A3079A,9448,2.96,A3079A,ORF1a_polyprotein,C9237T,C to T,synonymous SNV,1826,inoculum_P4_amplicon
240216_GSU_CL_002_RNA_input_D21_P4_prep2_S2_L001.fastq.gz,ORF1a_polyprotein H3580Y,10949,3.6,H3580Y,ORF1a_polyprotein,C10738T,C to T,nonsynonymous SNV,222,inoculum_P4_amplicon
240216_GSU_CL_002_RNA_input_D21_P4_prep2_S2_L001.fastq.gz,ORF1a_polyprotein P3613P,11050,1.43,P3613P,ORF1a_polyprotein,T10839C,T to C,synonymous SNV,560,inoculum_P4_amplicon
240216_GSU_CL_002_RNA_input_D21_P4_prep2_S2_L001.fastq.gz,ORF1a_polyprotein K3677K,11242,1,K3677K,ORF1a_polyprotein,A11031G,A to G,synonymous SNV,400,inoculum_P4_amplicon
240216_GSU_CL_002_RNA_input_D21_P4_prep2_S2_L001.fastq.gz,ORF1a_polyprotein F3794L,11591,3.74,F3794L,ORF1a_polyprotein,T11380C,T to C,nonsynonymous SNV,214,inoculum_P4_amplicon
240216_GSU_CL_002_RNA_input_D21_P4_prep2_S2_L001.fastq.gz,ORF1a_polyprotein E3971G,12123,1.64,E3971G,ORF1a_polyprotein,A11912G,A to G,nonsynonymous SNV,244,inoculum_P4_amplicon
240216_GSU_CL_002_RNA_input_D21_P4_prep2_S2_L001.fastq.gz,ORF1a_polyprotein R4129R,12598,1.36,R4129R,ORF1a_polyprotein,G12387A,G to A,synonymous SNV,590,inoculum_P4_amplicon
240216_GSU_CL_002_RNA_input_D21_P4_prep2_S2_L001.fastq.gz,ORF1ab_polyprotein Q1084*,3461,1.13,Q1084*,ORF1ab_polyprotein,C3250T,C to T,stopgain,354,inoculum_P4_amplicon
240216_GSU_CL_002_RNA_input_D21_P4_prep2_S2_L001.fastq.gz,surface_glycoprotein K783*,23846,5.88,K783*,surface_glycoprotein,A2347T,A to T,stopgain,68,inoculum_P4_amplicon
240216_GSU_CL_002_RNA_input_D21_P4_prep2_S2_L001.fastq.gz,ORF1a_polyprotein Q1084*,3461,1.13,Q1084*,ORF1a_polyprotein,C3250T,C to T,stopgain,354,inoculum_P4_amplicon
