"","treatment","timepoint","animal","Syn","Position","LetterChange","MatPeptide","AF","Depth","count","Sample"
"1","4'-FlU","D21","1","nonsynonymous SNV",614,"A to G","nsp1:S135G",28.72,22886,2,"4'-FlU_D21_1"
"2","4'-FlU","D21","1","nonsynonymous SNV",11805,"C to T","nsp7:T9I",32.775,17093,2,"4'-FlU_D21_1"
"3","4'-FlU","D21","1","nonsynonymous SNV",25164,"T to C","S:I1222T",41.475,4708,2,"4'-FlU_D21_1"
"4","4'-FlU","D21","1","synonymous SNV",1975,"T to G","nsp2:S408S",7.615,12885,2,"4'-FlU_D21_1"
"5","4'-FlU","D21","1","synonymous SNV",7213,"C to T","nsp3:F1516F",7.735,4102,2,"4'-FlU_D21_1"
"6","4'-FlU","D21","1","synonymous SNV",9019,"C to T","nsp4:T173T",39.66,18555,2,"4'-FlU_D21_1"
"7","4'-FlU","D21","1","synonymous SNV",11641,"C to T","nsp6:Y241Y",5.285,13702,2,"4'-FlU_D21_1"
"8","4'-FlU","D21","1","synonymous SNV",17547,"T to C","nsp13:D458D",9.675,3764,2,"4'-FlU_D21_1"
"9","4'-FlU","D21","1","synonymous SNV",22957,"C to T","S:Y486Y",12.545,2401,2,"4'-FlU_D21_1"
"10","4'-FlU","D21","2","nonsynonymous SNV",11117,"C to T","nsp6:L67F",21.66,7677,2,"4'-FlU_D21_2"
"11","4'-FlU","D21","2","nonsynonymous SNV",13293,"C to T","nsp10:T111I",5.12,4479,2,"4'-FlU_D21_2"
"12","4'-FlU","D21","2","nonsynonymous SNV",18625,"T to C","nsp14:F217L",6.295,6679,2,"4'-FlU_D21_2"
"13","4'-FlU","D21","2","nonsynonymous SNV",20531,"C to T","nsp15:T325I",6.46,888,2,"4'-FlU_D21_2"
"14","4'-FlU","D21","2","nonsynonymous SNV",27224,"T to A","ORF6:I32N",8.79,3327,2,"4'-FlU_D21_2"
"15","4'-FlU","D21","2","synonymous SNV",1975,"T to G","nsp2:S408S",15.3,10168,2,"4'-FlU_D21_2"
"16","4'-FlU","D21","2","synonymous SNV",7213,"C to T","nsp3:F1516F",7.95,3068,2,"4'-FlU_D21_2"
"17","4'-FlU","D21","2","synonymous SNV",19260,"A to G","nsp14:T428T",14.9,3674,2,"4'-FlU_D21_2"
"18","4'-FlU","D21","2","synonymous SNV",21619,"C to T","S:D40D",8.335,1273,2,"4'-FlU_D21_2"
"19","4'-FlU","D21","2","synonymous SNV",29563,"C to T","ORF10:Y26Y",21.795,8119,2,"4'-FlU_D21_2"
"20","Molnupiravir","D21","1","nonsynonymous SNV",2889,"T to A","nsp3:L75Q",14.16,17970,2,"Molnupiravir_D21_1"
"21","Molnupiravir","D21","1","nonsynonymous SNV",7116,"C to T","nsp3:P1484L",6.525,2942,2,"Molnupiravir_D21_1"
"22","Molnupiravir","D21","1","nonsynonymous SNV",8718,"C to T","nsp4:T73I",5.645,12805,2,"Molnupiravir_D21_1"
"23","Molnupiravir","D21","1","nonsynonymous SNV",10806,"A to G","nsp5:K269R",7.5,12855,2,"Molnupiravir_D21_1"
"24","Molnupiravir","D21","1","nonsynonymous SNV",21555,"C to T","S:T19I",7.445,1289,2,"Molnupiravir_D21_1"
"25","Molnupiravir","D21","1","nonsynonymous SNV",29294,"C to T","N:P365S",8.035,11631,2,"Molnupiravir_D21_1"
"26","Molnupiravir","D21","1","synonymous SNV",1975,"T to G","nsp2:S408S",6.125,9520,2,"Molnupiravir_D21_1"
"27","Molnupiravir","D21","1","synonymous SNV",26553,"C to T","M:L35L",5.4,3888,2,"Molnupiravir_D21_1"
"28","Molnupiravir","D21","2","nonsynonymous SNV",27224,"T to A","ORF6:I32N",9.685,3377,2,"Molnupiravir_D21_2"
"29","Molnupiravir","D21","2","synonymous SNV",1975,"T to G","nsp2:S408S",40.59,22130,2,"Molnupiravir_D21_2"
"30","Nirmatrelvir","D21","1","nonsynonymous SNV",1509,"G to A","nsp2:C253Y",9.135,59731,2,"Nirmatrelvir_D21_1"
"31","Nirmatrelvir","D21","1","nonsynonymous SNV",6467,"A to G","nsp3:I1268V",12.655,2836,2,"Nirmatrelvir_D21_1"
"32","Nirmatrelvir","D21","1","nonsynonymous SNV",8910,"C to T","nsp4:S137L",64.425,11755,2,"Nirmatrelvir_D21_1"
"33","Nirmatrelvir","D21","1","nonsynonymous SNV",12306,"C to T","nsp8:T93I",8.35,46591,2,"Nirmatrelvir_D21_1"
"34","Nirmatrelvir","D21","1","nonsynonymous SNV",12726,"C to T","nsp9:T35I",7.02,31090,2,"Nirmatrelvir_D21_1"
"35","Nirmatrelvir","D21","1","nonsynonymous SNV",19669,"G to A","nsp15:V38I",8.335,9190,2,"Nirmatrelvir_D21_1"
"36","Nirmatrelvir","D21","1","nonsynonymous SNV",21074,"A to G","nsp16:K160R",25.84,9900,2,"Nirmatrelvir_D21_1"
"37","Nirmatrelvir","D21","1","nonsynonymous SNV",22697,"A to G","S:R400G",7.91,6965,2,"Nirmatrelvir_D21_1"
"38","Nirmatrelvir","D21","1","nonsynonymous SNV",24926,"G to C","S:D1143H",5.155,5756,2,"Nirmatrelvir_D21_1"
"39","Nirmatrelvir","D21","1","nonsynonymous SNV",27355,"C to T","ORF7a:L12F",13.435,20763,2,"Nirmatrelvir_D21_1"
"40","Nirmatrelvir","D21","1","nonsynonymous SNV",28038,"T to C","ORF8:Y73H",5.4,45859,2,"Nirmatrelvir_D21_1"
"41","Nirmatrelvir","D21","1","synonymous SNV",841,"A to G","nsp2:K30K",5.935,42852,2,"Nirmatrelvir_D21_1"
"42","Nirmatrelvir","D21","1","synonymous SNV",1975,"T to G","nsp2:S408S",75.57,28247,2,"Nirmatrelvir_D21_1"
"43","Nirmatrelvir","D21","1","synonymous SNV",5941,"A to G","nsp3:Q1092Q",8.97,1062,2,"Nirmatrelvir_D21_1"
"44","Nirmatrelvir","D21","1","synonymous SNV",9019,"C to T","nsp4:T173T",25.02,35403,2,"Nirmatrelvir_D21_1"
"45","Nirmatrelvir","D21","1","synonymous SNV",9679,"C to T","nsp4:F393F",5.615,1872,2,"Nirmatrelvir_D21_1"
"46","Nirmatrelvir","D21","1","synonymous SNV",17613,"C to T","nsp13:I480I",8.965,12505,2,"Nirmatrelvir_D21_1"
"47","Nirmatrelvir","D21","1","synonymous SNV",19491,"C to T","nsp14:G505G",11.915,17744,2,"Nirmatrelvir_D21_1"
"48","Nirmatrelvir","D21","1","synonymous SNV",20199,"A to G","nsp15:L214L",14.905,5423,2,"Nirmatrelvir_D21_1"
"49","Nirmatrelvir","D21","1","synonymous SNV",20478,"A to G","nsp15:K307K",15.63,1276.5,2,"Nirmatrelvir_D21_1"
"50","Nirmatrelvir","D21","1","synonymous SNV",29560,"C to T","ORF10:N25N",10.01,11343,2,"Nirmatrelvir_D21_1"
"51","Nirmatrelvir","D21","1","synonymous SNV",29563,"C to T","ORF10:Y26Y",32.96,11203,2,"Nirmatrelvir_D21_1"
"52","Nirmatrelvir","D21","2","nonsynonymous SNV",539,"C to T","nsp1:H110Y",17.345,31714,2,"Nirmatrelvir_D21_2"
"53","Nirmatrelvir","D21","2","nonsynonymous SNV",11004,"C to T","nsp6:T29I",16.87,10973,2,"Nirmatrelvir_D21_2"
"54","Nirmatrelvir","D21","2","nonsynonymous SNV",15149,"C to T","nsp12:T591I",14.97,25277,2,"Nirmatrelvir_D21_2"
"55","Nirmatrelvir","D21","2","nonsynonymous SNV",18749,"A to G","nsp14:D258G",17.015,24341,2,"Nirmatrelvir_D21_2"
"56","Nirmatrelvir","D21","2","nonsynonymous SNV",26261,"C to T","E:T30I",59.035,19238,2,"Nirmatrelvir_D21_2"
"57","Nirmatrelvir","D21","2","nonsynonymous SNV",26823,"C to T","M:H125Y",16.675,14503,2,"Nirmatrelvir_D21_2"
"58","Nirmatrelvir","D21","2","synonymous SNV",1975,"T to G","nsp2:S408S",61.4,21376,2,"Nirmatrelvir_D21_2"
"59","Nirmatrelvir","D21","2","synonymous SNV",4903,"A to G","nsp3:E746E",18.2,28162,2,"Nirmatrelvir_D21_2"
"60","Nirmatrelvir","D21","2","synonymous SNV",9461,"C to T","nsp4:L321L",21.345,17226,2,"Nirmatrelvir_D21_2"
"61","Nirmatrelvir","D21","4","nonsynonymous SNV",7059,"C to T","nsp3:T1465I",5.625,6817,2,"Nirmatrelvir_D21_4"
"62","Nirmatrelvir","D21","4","nonsynonymous SNV",13424,"C to T","nsp12:A16V",59.175,15423,2,"Nirmatrelvir_D21_4"
"63","Nirmatrelvir","D21","4","synonymous SNV",12061,"A to G","nsp8:S11S",54.75,29692,2,"Nirmatrelvir_D21_4"
"64","Nirmatrelvir","D21","4","synonymous SNV",19992,"A to G","nsp15:E145E",47.71,14010,2,"Nirmatrelvir_D21_4"
"65","Nirmatrelvir","D21","5","nonsynonymous SNV",11897,"C to T","nsp7:L40F",10.38,6137,2,"Nirmatrelvir_D21_5"
"66","Nirmatrelvir","D21","5","nonsynonymous SNV",12144,"A to G","nsp8:K39R",11.375,3124,2,"Nirmatrelvir_D21_5"
"67","Nirmatrelvir","D21","5","nonsynonymous SNV",19001,"C to T","nsp14:P342L",12.615,5415,2,"Nirmatrelvir_D21_5"
"68","Nirmatrelvir","D21","5","nonsynonymous SNV",20873,"C to T","nsp16:T93M",10.565,1538,2,"Nirmatrelvir_D21_5"
"69","Nirmatrelvir","D21","5","synonymous SNV",1975,"T to G","nsp2:S408S",6.805,8828,2,"Nirmatrelvir_D21_5"
"70","Nirmatrelvir","D21","5","synonymous SNV",7027,"C to T","nsp3:N1454N",7.555,4282,2,"Nirmatrelvir_D21_5"
"71","Nirmatrelvir","D21","5","synonymous SNV",9433,"C to T","nsp4:Y311Y",19.195,9537,2,"Nirmatrelvir_D21_5"
"72","Nirmatrelvir","D21","5","synonymous SNV",18405,"A to C","nsp14:G143G",13.985,5165,2,"Nirmatrelvir_D21_5"
"73","Nirmatrelvir","D28","1","synonymous SNV",6842,"C to T","nsp3:L1393L",96.11,3909,2,"Nirmatrelvir_D28_1"
"74","Nirmatrelvir","D28","1","synonymous SNV",7249,"C to T","nsp3:I1528I",93.845,11976,2,"Nirmatrelvir_D28_1"
"75","Nirmatrelvir","D28","1","synonymous SNV",9376,"C to T","nsp4:I292I",93.7,32811,2,"Nirmatrelvir_D28_1"
"76","Nirmatrelvir","D28","1","synonymous SNV",21583,"C to T","S:Y28Y",86.88,3164,2,"Nirmatrelvir_D28_1"
"77","Nirmatrelvir","D28","1","synonymous SNV",29563,"C to T","ORF10:Y26Y",91.01,14372,2,"Nirmatrelvir_D28_1"
"78","Nirmatrelvir","D28","2","nonsynonymous SNV",1260,"C to T","nsp2:T170I",98.815,587,2,"Nirmatrelvir_D28_2"
"79","Nirmatrelvir","D28","2","nonsynonymous SNV",7085,"C to T","nsp3:L1474F",7.815,2296,2,"Nirmatrelvir_D28_2"
"80","Nirmatrelvir","D28","2","nonsynonymous SNV",7115,"C to T","nsp3:P1484S",50.36,1371,2,"Nirmatrelvir_D28_2"
"81","Nirmatrelvir","D28","2","nonsynonymous SNV",11029,"G to T","nsp6:L37F",97.545,5567,2,"Nirmatrelvir_D28_2"
"82","Nirmatrelvir","D28","2","nonsynonymous SNV",13148,"A to G","nsp10:M63V",5.9,20859,2,"Nirmatrelvir_D28_2"
"83","Nirmatrelvir","D28","2","synonymous SNV",6997,"C to T","nsp3:Y1444Y",22.025,1467,2,"Nirmatrelvir_D28_2"
"84","Nirmatrelvir","D28","2","synonymous SNV",9019,"C to T","nsp4:T173T",95.935,13972,2,"Nirmatrelvir_D28_2"
"85","Nirmatrelvir","D28","2","synonymous SNV",9448,"C to T","nsp4:A316A",6.44,7347,2,"Nirmatrelvir_D28_2"
"86","Nirmatrelvir","D28","2","synonymous SNV",11557,"C to T","nsp6:F213F",6.255,7526,2,"Nirmatrelvir_D28_2"
"87","Nirmatrelvir","D28","2","synonymous SNV",12010,"C to T","nsp7:D77D",19.54,17001,2,"Nirmatrelvir_D28_2"
"88","Nirmatrelvir","D28","2","synonymous SNV",14232,"T to C","nsp12:R285R",38.115,7914,2,"Nirmatrelvir_D28_2"
"89","Nirmatrelvir","D28","2","synonymous SNV",16245,"C to T","nsp13:F24F",6.915,4534,2,"Nirmatrelvir_D28_2"
"90","Nirmatrelvir","D28","3","nonsynonymous SNV",2730,"A to G","nsp3:N22S",24.375,9667,2,"Nirmatrelvir_D28_3"
"91","Nirmatrelvir","D28","3","nonsynonymous SNV",7059,"C to T","nsp3:T1465I",16.965,8791,2,"Nirmatrelvir_D28_3"
"92","Nirmatrelvir","D28","3","nonsynonymous SNV",9384,"C to T","nsp4:T295I",14.445,27944,2,"Nirmatrelvir_D28_3"
"93","Nirmatrelvir","D28","3","nonsynonymous SNV",9557,"C to T","nsp4:L353F",10.325,10087,2,"Nirmatrelvir_D28_3"
"94","Nirmatrelvir","D28","3","nonsynonymous SNV",10281,"C to T","nsp5:A94V",8.92,8594,2,"Nirmatrelvir_D28_3"
"95","Nirmatrelvir","D28","3","nonsynonymous SNV",11048,"C to T","nsp6:P44S",7.15,20051,2,"Nirmatrelvir_D28_3"
"96","Nirmatrelvir","D28","3","nonsynonymous SNV",11148,"C to T","nsp6:T77I",19.54,21269,2,"Nirmatrelvir_D28_3"
"97","Nirmatrelvir","D28","3","nonsynonymous SNV",11945,"C to T","nsp7:L56F",9.07,18821,2,"Nirmatrelvir_D28_3"
"98","Nirmatrelvir","D28","3","nonsynonymous SNV",12339,"A to G","nsp8:N104S",12.73,33640,2,"Nirmatrelvir_D28_3"
"99","Nirmatrelvir","D28","3","nonsynonymous SNV",12533,"C to T","nsp8:L169F",13.83,36863,2,"Nirmatrelvir_D28_3"
"100","Nirmatrelvir","D28","3","nonsynonymous SNV",13454,"C to T","nsp12:T26I",8.52,14840,2,"Nirmatrelvir_D28_3"
"101","Nirmatrelvir","D28","3","nonsynonymous SNV",17627,"C to T","nsp13:S485L",39.405,11581,2,"Nirmatrelvir_D28_3"
"102","Nirmatrelvir","D28","3","nonsynonymous SNV",20604,"A to C","nsp16:Q3H",15.05,1786,2,"Nirmatrelvir_D28_3"
"103","Nirmatrelvir","D28","3","stopgain",29453,"C to T","N:Q418**",7.555,8754,2,"Nirmatrelvir_D28_3"
"104","Nirmatrelvir","D28","3","synonymous SNV",1975,"T to G","nsp2:S408S",35.675,20831,2,"Nirmatrelvir_D28_3"
"105","Nirmatrelvir","D28","3","synonymous SNV",7213,"C to T","nsp3:F1516F",11.07,6785,2,"Nirmatrelvir_D28_3"
"106","Nirmatrelvir","D28","3","synonymous SNV",8791,"A to G","nsp4:R97R",23.46,7106,2,"Nirmatrelvir_D28_3"
"107","Nirmatrelvir","D28","3","synonymous SNV",9832,"C to T","nsp4:Y444Y",5.43,60806,2,"Nirmatrelvir_D28_3"
"108","Nirmatrelvir","D28","3","synonymous SNV",10453,"C to T","nsp5:N151N",8.955,38701,2,"Nirmatrelvir_D28_3"
"109","Nirmatrelvir","D28","3","synonymous SNV",10471,"C to T","nsp5:V157V",11.5,39191,2,"Nirmatrelvir_D28_3"
"110","Nirmatrelvir","D28","3","synonymous SNV",10897,"A to G","nsp5:Q299Q",11.39,22109,2,"Nirmatrelvir_D28_3"
"111","Nirmatrelvir","D28","3","synonymous SNV",11098,"C to T","nsp6:V60V",15.955,29945,2,"Nirmatrelvir_D28_3"
"112","Nirmatrelvir","D28","3","synonymous SNV",11512,"C to T","nsp6:F198F",25.86,29457,2,"Nirmatrelvir_D28_3"
"113","Nirmatrelvir","D28","3","synonymous SNV",11581,"C to T","nsp6:Y221Y",13.33,4406,2,"Nirmatrelvir_D28_3"
"114","Nirmatrelvir","D28","3","synonymous SNV",11719,"A to G","nsp6:K267K",10.085,36033,2,"Nirmatrelvir_D28_3"
"115","Nirmatrelvir","D28","3","synonymous SNV",12010,"C to T","nsp7:D77D",5.54,40136,2,"Nirmatrelvir_D28_3"
"116","Nirmatrelvir","D28","3","synonymous SNV",12827,"C to T","nsp9:L69L",11.29,11609,2,"Nirmatrelvir_D28_3"
"117","Nirmatrelvir","D28","3","synonymous SNV",19101,"C to T","nsp14:D375D",5.32,7490,2,"Nirmatrelvir_D28_3"
"118","Nirmatrelvir","D28","3","synonymous SNV",19182,"C to T","nsp14:D402D",32.535,10571,2,"Nirmatrelvir_D28_3"
"119","Nirmatrelvir","D28","3","synonymous SNV",19626,"A to G","nsp15:P23P",12.27,13661,2,"Nirmatrelvir_D28_3"
"120","Nirmatrelvir","D28","3","synonymous SNV",20196,"C to T","nsp15:F213F",6,7927,2,"Nirmatrelvir_D28_3"
"121","Nirmatrelvir","D28","3","synonymous SNV",20388,"C to T","nsp15:N277N",10.29,6553,2,"Nirmatrelvir_D28_3"
"122","Nirmatrelvir","D28","3","synonymous SNV",21453,"C to T","nsp16:N286N",16.805,398,2,"Nirmatrelvir_D28_3"
"123","Nirmatrelvir","D28","3","synonymous SNV",29563,"C to T","ORF10:Y26Y",11.36,15092,2,"Nirmatrelvir_D28_3"
"124","Nirmatrelvir","D28","4","nonsynonymous SNV",7131,"T to C","nsp3:I1489T",99.655,398,2,"Nirmatrelvir_D28_4"
"125","Nirmatrelvir","D28","4","nonsynonymous SNV",23330,"G to A","S:G611S",99.65,14626,2,"Nirmatrelvir_D28_4"
"126","Nirmatrelvir","D28","4","nonsynonymous SNV",25383,"G to C","ORF3a:K21N",99.575,63649,2,"Nirmatrelvir_D28_4"
"127","Nirmatrelvir","D28","4","nonsynonymous SNV",28068,"T to C","ORF8:C83R",99.74,115691,2,"Nirmatrelvir_D28_4"
"128","Nirmatrelvir","D28","4","synonymous SNV",4660,"T to C","nsp3:V665V",53.57,10034,2,"Nirmatrelvir_D28_4"
"129","Nirmatrelvir","D28","4","synonymous SNV",24370,"C to T","S:N957N",17.725,7105.5,2,"Nirmatrelvir_D28_4"
"130","Nirmatrelvir","D28","4","synonymous SNV",29563,"C to T","ORF10:Y26Y",37.995,14394,2,"Nirmatrelvir_D28_4"
"131","Vehicle","D14","1","nonsynonymous SNV",1247,"A to G","nsp2:T166A",17.7,6057.5,2,"Vehicle_D14_1"
"132","Vehicle","D14","1","nonsynonymous SNV",4005,"C to T","nsp3:P447L",8.225,2329,2,"Vehicle_D14_1"
"133","Vehicle","D14","1","nonsynonymous SNV",7059,"C to T","nsp3:T1465I",6.755,6201,2,"Vehicle_D14_1"
"134","Vehicle","D14","1","nonsynonymous SNV",11141,"C to T","nsp6:L75F",10.205,10552,2,"Vehicle_D14_1"
"135","Vehicle","D14","1","nonsynonymous SNV",11195,"C to T","nsp6:R93C",11.93,3239,2,"Vehicle_D14_1"
"136","Vehicle","D14","1","nonsynonymous SNV",12131,"C to T","nsp8:L35F",5.95,3028,2,"Vehicle_D14_1"
"137","Vehicle","D14","1","nonsynonymous SNV",12294,"C to T","nsp8:T89I",16.59,31641,2,"Vehicle_D14_1"
"138","Vehicle","D14","1","nonsynonymous SNV",12435,"A to G","nsp8:N136S",5.54,6916,2,"Vehicle_D14_1"
"139","Vehicle","D14","1","nonsynonymous SNV",16949,"C to T","nsp13:S259L",7.14,5228,2,"Vehicle_D14_1"
"140","Vehicle","D14","1","nonsynonymous SNV",26261,"C to T","E:T30I",13.515,38339.5,2,"Vehicle_D14_1"
"141","Vehicle","D14","1","synonymous SNV",1975,"T to G","nsp2:S408S",18.985,18719,2,"Vehicle_D14_1"
"142","Vehicle","D14","1","synonymous SNV",9019,"C to T","nsp4:T173T",15.975,24360,2,"Vehicle_D14_1"
"143","Vehicle","D14","1","synonymous SNV",12010,"C to T","nsp7:D77D",17.13,25314.5,2,"Vehicle_D14_1"
"144","Vehicle","D14","1","synonymous SNV",15231,"T to C","nsp12:D618D",6.53,22672,2,"Vehicle_D14_1"
"145","Vehicle","D14","1","synonymous SNV",20388,"C to T","nsp15:N277N",5.65,4272,2,"Vehicle_D14_1"
"146","Vehicle","D14","1","synonymous SNV",29563,"C to T","ORF10:Y26Y",9.635,30083.5,2,"Vehicle_D14_1"
"147","Vehicle","D14","2","nonsynonymous SNV",7110,"C to T","nsp3:T1482I",6.495,653,2,"Vehicle_D14_2"
"148","Vehicle","D14","2","nonsynonymous SNV",12392,"C to T","nsp8:L122F",25.045,2595,2,"Vehicle_D14_2"
"149","Vehicle","D14","2","synonymous SNV",11893,"C to T","nsp7:D38D",12.23,10930,2,"Vehicle_D14_2"
"150","Vehicle","D14","2","synonymous SNV",12010,"C to T","nsp7:D77D",12.31,28043.5,2,"Vehicle_D14_2"
"151","Vehicle","D14","2","synonymous SNV",14883,"T to C","nsp12:A502A",10.12,4580,2,"Vehicle_D14_2"
"152","Vehicle","D14","2","synonymous SNV",20373,"C to T","nsp15:D272D",5.085,5227,2,"Vehicle_D14_2"
"153","Vehicle","D14","2","synonymous SNV",29563,"C to T","ORF10:Y26Y",5.29,17653,2,"Vehicle_D14_2"
"154","Vehicle","D14","3","nonsynonymous SNV",7085,"C to T","nsp3:L1474F",12.345,6272,2,"Vehicle_D14_3"
"155","Vehicle","D14","3","nonsynonymous SNV",11029,"G to T","nsp6:L37F",5.06,3591,2,"Vehicle_D14_3"
"156","Vehicle","D14","3","nonsynonymous SNV",23534,"C to T","S:R679W",20.095,14759,2,"Vehicle_D14_3"
"157","Vehicle","D14","3","synonymous SNV",1975,"T to G","nsp2:S408S",83.01,20472.5,2,"Vehicle_D14_3"
"158","Vehicle","D14","3","synonymous SNV",11719,"A to G","nsp6:K267K",16.25,24959,2,"Vehicle_D14_3"
"159","Vehicle","D14","3","synonymous SNV",12010,"C to T","nsp7:D77D",6.06,26967,2,"Vehicle_D14_3"
"160","Vehicle","D14","3","synonymous SNV",29563,"C to T","ORF10:Y26Y",39.285,35594,2,"Vehicle_D14_3"
"161","Vehicle","D14","4","nonsynonymous SNV",3935,"A to C","nsp3:T424P",5.88,1821,2,"Vehicle_D14_4"
"162","Vehicle","D14","4","nonsynonymous SNV",8785,"A to G","nsp4:I95M",5.925,2640,2,"Vehicle_D14_4"
"163","Vehicle","D14","4","nonsynonymous SNV",21074,"A to G","nsp16:K160R",19.89,4399,2,"Vehicle_D14_4"
"164","Vehicle","D14","4","synonymous SNV",1975,"T to G","nsp2:S408S",5.275,11834,2,"Vehicle_D14_4"
"165","Vehicle","D14","4","synonymous SNV",12010,"C to T","nsp7:D77D",6.295,18250,2,"Vehicle_D14_4"
"166","Vehicle","D14","4","synonymous SNV",20196,"C to T","nsp15:F213F",6.7,2628,2,"Vehicle_D14_4"
"167","Vehicle","D14","4","synonymous SNV",27669,"C to T","ORF7a:L116L",15.81,27358.5,2,"Vehicle_D14_4"
"168","Vehicle","D14","4","synonymous SNV",29563,"C to T","ORF10:Y26Y",24.12,16463,2,"Vehicle_D14_4"
"169","Vehicle","D14","6","nonsynonymous SNV",12012,"A to G","nsp7:N78S",5.485,32401,2,"Vehicle_D14_6"
"170","Vehicle","D14","6","nonsynonymous SNV",23453,"C to T","S:H652Y",6.78,27290,2,"Vehicle_D14_6"
"171","Vehicle","D14","6","synonymous SNV",1975,"T to G","nsp2:S408S",13.96,25872,2,"Vehicle_D14_6"
"172","Vehicle","D14","6","synonymous SNV",8038,"C to T","nsp3:L1791L",36.495,14275,2,"Vehicle_D14_6"
"173","Vehicle","D14","6","synonymous SNV",8239,"C to T","nsp3:T1858T",13.845,5058,2,"Vehicle_D14_6"
"174","Vehicle","D14","6","synonymous SNV",29560,"C to T","ORF10:N25N",6.435,16378,2,"Vehicle_D14_6"
"175","Vehicle","D14","6","synonymous SNV",29563,"C to T","ORF10:Y26Y",16.52,16234,2,"Vehicle_D14_6"
"176","Vehicle","D21","1","nonsynonymous SNV",11973,"C to T","nsp7:A65V",5.5,11885,2,"Vehicle_D21_1"
"177","Vehicle","D21","1","synonymous SNV",1975,"T to G","nsp2:S408S",27.95,15688,2,"Vehicle_D21_1"
"178","Vehicle","D21","1","synonymous SNV",7213,"C to T","nsp3:F1516F",7.635,4209,2,"Vehicle_D21_1"
"179","Vehicle","D21","1","synonymous SNV",29563,"C to T","ORF10:Y26Y",5.96,10545,2,"Vehicle_D21_1"
"180","Vehicle","D21","2","nonsynonymous SNV",21074,"A to G","nsp16:K160R",8.595,11079,2,"Vehicle_D21_2"
"181","Vehicle","D21","2","synonymous SNV",1975,"T to G","nsp2:S408S",38.635,23933,2,"Vehicle_D21_2"
"182","Vehicle","D21","2","synonymous SNV",12010,"C to T","nsp7:D77D",5.545,35677.5,2,"Vehicle_D21_2"
"183","Vehicle","D21","2","synonymous SNV",29563,"C to T","ORF10:Y26Y",17.555,14628,2,"Vehicle_D21_2"
"184","Vehicle","D21","3","synonymous SNV",1975,"T to G","nsp2:S408S",27.025,15225,2,"Vehicle_D21_3"
"185","Vehicle","D21","3","synonymous SNV",12010,"C to T","nsp7:D77D",10.5,25349,2,"Vehicle_D21_3"
"186","Vehicle","D21","3","synonymous SNV",29563,"C to T","ORF10:Y26Y",32.715,8714,2,"Vehicle_D21_3"
"187","Vehicle","D21","4","nonsynonymous SNV",21074,"A to G","nsp16:K160R",6.255,7653,2,"Vehicle_D21_4"
"188","Vehicle","D21","4","synonymous SNV",1975,"T to G","nsp2:S408S",17.43,14500,2,"Vehicle_D21_4"
"189","Vehicle","D21","4","synonymous SNV",12010,"C to T","nsp7:D77D",6.135,20474,2,"Vehicle_D21_4"
"190","Vehicle","D21","4","synonymous SNV",29563,"C to T","ORF10:Y26Y",6.48,8445,2,"Vehicle_D21_4"
"191","Vehicle","D21","5","nonsynonymous SNV",21074,"A to G","nsp16:K160R",6.72,8854,2,"Vehicle_D21_5"
"192","Vehicle","D21","5","synonymous SNV",1975,"T to G","nsp2:S408S",40.27,22269,2,"Vehicle_D21_5"
"193","Vehicle","D21","5","synonymous SNV",12010,"C to T","nsp7:D77D",6.1,31186,2,"Vehicle_D21_5"
"194","Vehicle","D21","5","synonymous SNV",29563,"C to T","ORF10:Y26Y",16.59,11424,2,"Vehicle_D21_5"
"195","Vehicle","D21","6","synonymous SNV",1975,"T to G","nsp2:S408S",26.955,16044,2,"Vehicle_D21_6"
"196","Vehicle","D21","6","synonymous SNV",12010,"C to T","nsp7:D77D",10.04,24012,2,"Vehicle_D21_6"
"197","Vehicle","D21","6","synonymous SNV",29563,"C to T","ORF10:Y26Y",18.905,8198,2,"Vehicle_D21_6"
"198","Vehicle","D28","1","nonsynonymous SNV",1820,"G to T","nsp2:A357S",7.595,994,2,"Vehicle_D28_1"
"199","Vehicle","D28","1","nonsynonymous SNV",1965,"T to C","nsp2:M405T",5.78,25246,2,"Vehicle_D28_1"
"200","Vehicle","D28","1","nonsynonymous SNV",7149,"C to T","nsp3:S1495F",10.675,1857,2,"Vehicle_D28_1"
"201","Vehicle","D28","1","nonsynonymous SNV",14461,"C to T","nsp12:H362Y",6.65,18183,2,"Vehicle_D28_1"
"202","Vehicle","D28","1","synonymous SNV",1975,"T to G","nsp2:S408S",42.69,21239,2,"Vehicle_D28_1"
"203","Vehicle","D28","1","synonymous SNV",6887,"C to T","nsp3:L1408L",5.1,10870,2,"Vehicle_D28_1"
"204","Vehicle","D28","1","synonymous SNV",14772,"T to C","nsp12:D465D",21.425,27071,2,"Vehicle_D28_1"
"205","Vehicle","D28","1","synonymous SNV",29506,"C to T","ORF10:F7F",25.485,8938,2,"Vehicle_D28_1"
"206","Vehicle","D28","2","nonsynonymous SNV",20935,"G to A","nsp16:D114N",49.5,808,2,"Vehicle_D28_2"
"207","Vehicle","D28","2","nonsynonymous SNV",24320,"G to T","S:A941S",6.59,1473,2,"Vehicle_D28_2"
"208","Vehicle","D28","2","synonymous SNV",8638,"C to T","nsp4:Y46Y",36.81,5834,2,"Vehicle_D28_2"
"209","Vehicle","D28","2","synonymous SNV",12010,"C to T","nsp7:D77D",52.375,21355,2,"Vehicle_D28_2"
"210","Vehicle","D28","2","synonymous SNV",21345,"T to C","nsp16:F250F",9.85,25223,2,"Vehicle_D28_2"
"211","Vehicle","D28","3","nonsynonymous SNV",2889,"T to A","nsp3:L75Q",34.825,27943,2,"Vehicle_D28_3"
"212","Vehicle","D28","3","nonsynonymous SNV",7005,"G to T","nsp3:G1447V",8.915,1730,2,"Vehicle_D28_3"
"213","Vehicle","D28","3","nonsynonymous SNV",9480,"C to T","nsp4:T327I",20.715,21495,2,"Vehicle_D28_3"
"214","Vehicle","D28","3","nonsynonymous SNV",11139,"C to T","nsp6:S74F",24.685,21190,2,"Vehicle_D28_3"
"215","Vehicle","D28","3","nonsynonymous SNV",21555,"C to T","S:T19I",14.7,2831,2,"Vehicle_D28_3"
"216","Vehicle","D28","3","nonsynonymous SNV",27697,"C to T","ORF7b:S5L",44.045,34037,2,"Vehicle_D28_3"
"217","Vehicle","D28","3","nonsynonymous SNV",29528,"A to G","ORF10:S15G",10.725,16512,2,"Vehicle_D28_3"
"218","Vehicle","D28","3","synonymous SNV",1003,"C to T","nsp2:D84D",16.685,8951,2,"Vehicle_D28_3"
"219","Vehicle","D28","3","synonymous SNV",1975,"T to G","nsp2:S408S",13.05,21604,2,"Vehicle_D28_3"
"220","Vehicle","D28","3","synonymous SNV",5377,"A to T","nsp3:V904V",16.69,32760,2,"Vehicle_D28_3"
"221","Vehicle","D28","3","synonymous SNV",12262,"C to T","nsp8:D78D",24.49,56692,2,"Vehicle_D28_3"
"222","Vehicle","D28","3","synonymous SNV",13042,"C to T","nsp10:Y27Y",14.37,75878,2,"Vehicle_D28_3"
"223","Vehicle","D28","3","synonymous SNV",13342,"C to T","nsp10:G127G",5.33,12374,2,"Vehicle_D28_3"
"224","Vehicle","D28","3","synonymous SNV",20085,"C to T","nsp15:F176F",26.21,10079,2,"Vehicle_D28_3"
"225","Vehicle","D28","3","synonymous SNV",22807,"C to T","S:N436N",14.695,28604,2,"Vehicle_D28_3"
"226","Vehicle","D28","3","synonymous SNV",25566,"C to T","ORF3a:N82N",15.21,26845,2,"Vehicle_D28_3"
"227","Vehicle","D28","3","synonymous SNV",29563,"C to T","ORF10:Y26Y",22.29,25828,2,"Vehicle_D28_3"
"228","Vehicle","D28","4","nonsynonymous SNV",225,"T to C","nsp1:V5A",11.535,11749,2,"Vehicle_D28_4"
"229","Vehicle","D28","4","nonsynonymous SNV",15265,"C to T","nsp12:L630F",5.315,2330,2,"Vehicle_D28_4"
"230","Vehicle","D28","4","nonsynonymous SNV",25699,"C to T","ORF3a:L127F",9.885,1974,2,"Vehicle_D28_4"
"231","Vehicle","D28","4","nonsynonymous SNV",28634,"C to T","N:H145Y",10.85,2004,2,"Vehicle_D28_4"
"232","Vehicle","D28","4","synonymous SNV",1975,"T to G","nsp2:S408S",13.985,2700,2,"Vehicle_D28_4"
"233","Vehicle","D28","5","complex",12013,"C to T","nsp7:N78N",8.535,47033,2,"Vehicle_D28_5"
"234","Vehicle","D28","5","nonsynonymous SNV",8200,"A to G","nsp3:I1845M",6.975,13667,2,"Vehicle_D28_5"
"235","Vehicle","D28","5","nonsynonymous SNV",11004,"C to T","nsp6:T29I",7.29,11164,2,"Vehicle_D28_5"
"236","Vehicle","D28","5","nonsynonymous SNV",11148,"C to T","nsp6:T77I",11.48,21410,2,"Vehicle_D28_5"
"237","Vehicle","D28","5","nonsynonymous SNV",12533,"C to T","nsp8:L169F",7.925,31708,2,"Vehicle_D28_5"
"238","Vehicle","D28","5","nonsynonymous SNV",14611,"C to T","nsp12:P412S",8.155,14622,2,"Vehicle_D28_5"
"239","Vehicle","D28","5","nonsynonymous SNV",15149,"C to T","nsp12:T591I",63.825,33782.5,2,"Vehicle_D28_5"
"240","Vehicle","D28","5","nonsynonymous SNV",21074,"A to G","nsp16:K160R",13.345,10994,2,"Vehicle_D28_5"
"241","Vehicle","D28","5","nonsynonymous SNV",26261,"C to T","E:T30I",23.595,38472,2,"Vehicle_D28_5"
"242","Vehicle","D28","5","nonsynonymous SNV",29513,"C to T","ORF10:P10S",5.385,10518,2,"Vehicle_D28_5"
"243","Vehicle","D28","5","nonsynonymous SNV",29598,"C to T","ORF10:T38I",20.005,8959,2,"Vehicle_D28_5"
"244","Vehicle","D28","5","synonymous SNV",1975,"T to G","nsp2:S408S",19.51,31982,2,"Vehicle_D28_5"
"245","Vehicle","D28","5","synonymous SNV",4030,"C to T","nsp3:D455D",65.665,14871,2,"Vehicle_D28_5"
"246","Vehicle","D28","5","synonymous SNV",4778,"C to T","nsp3:L705L",7.09,8677.5,2,"Vehicle_D28_5"
"247","Vehicle","D28","5","synonymous SNV",5980,"A to G","nsp3:A1105A",5.4,3018,2,"Vehicle_D28_5"
"248","Vehicle","D28","5","synonymous SNV",7213,"C to T","nsp3:F1516F",5.24,7969,2,"Vehicle_D28_5"
"249","Vehicle","D28","5","synonymous SNV",9376,"C to T","nsp4:I292I",26.45,30475,2,"Vehicle_D28_5"
"250","Vehicle","D28","5","synonymous SNV",9544,"C to T","nsp4:Y348Y",5.47,7328,2,"Vehicle_D28_5"
"251","Vehicle","D28","5","synonymous SNV",11512,"C to T","nsp6:F198F",5.25,27280,2,"Vehicle_D28_5"
"252","Vehicle","D28","5","synonymous SNV",12010,"C to T","nsp7:D77D",23.825,47126,2,"Vehicle_D28_5"
"253","Vehicle","D28","5","synonymous SNV",18324,"C to T","nsp14:N116N",5.41,25707,2,"Vehicle_D28_5"
"254","Vehicle","D28","5","synonymous SNV",21595,"C to T","S:F32F",8.045,3909,2,"Vehicle_D28_5"
"255","Vehicle","D28","5","synonymous SNV",22459,"A to G","S:T320T",9.92,2780,2,"Vehicle_D28_5"
"256","Vehicle","D28","5","synonymous SNV",22462,"A to G","S:E321E",10.21,2745,2,"Vehicle_D28_5"
"257","Vehicle","D28","5","synonymous SNV",22675,"C to T","S:V392V",6.81,7084,2,"Vehicle_D28_5"
"258","Vehicle","D28","5","synonymous SNV",23014,"C to T","S:Y505Y",17.005,5415,2,"Vehicle_D28_5"
"259","Vehicle","D28","5","synonymous SNV",29563,"C to T","ORF10:Y26Y",14.36,16440,2,"Vehicle_D28_5"
"260","Vehicle","D28","6","nonsynonymous SNV",9384,"C to T","nsp4:T295I",8.02,29403,2,"Vehicle_D28_6"
"261","Vehicle","D28","6","nonsynonymous SNV",13562,"A to C","nsp12:D62A",5.18,2561,2,"Vehicle_D28_6"
"262","Vehicle","D28","6","nonsynonymous SNV",15038,"C to T","nsp12:A554V",59.78,20915,2,"Vehicle_D28_6"
"263","Vehicle","D28","6","nonsynonymous SNV",20320,"G to T","nsp15:A255S",7.675,10112,2,"Vehicle_D28_6"
"264","Vehicle","D28","6","nonsynonymous SNV",23733,"A to C","S:E745A",7.8,8188,2,"Vehicle_D28_6"
"265","Vehicle","D28","6","synonymous SNV",11824,"A to G","nsp7:S15S",65.85,21271,2,"Vehicle_D28_6"
"266","Vehicle","D28","6","synonymous SNV",15876,"T to C","nsp12:D833D",73.5,100004,2,"Vehicle_D28_6"
"267","Vehicle","D28","6","synonymous SNV",29563,"C to T","ORF10:Y26Y",9.17,19540,2,"Vehicle_D28_6"
